--
-- PostgreSQL database dump
--

\restrict F9dW8jc2GArTbity4sLNDbzO5zHc6jQsMgv5VYXQbUiuqJFX6PGguqurtGowZ0e

-- Dumped from database version 17.9
-- Dumped by pg_dump version 17.9

SET statement_timeout = 0;
SET lock_timeout = 0;
SET idle_in_transaction_session_timeout = 0;
SET transaction_timeout = 0;
SET client_encoding = 'UTF8';
SET standard_conforming_strings = on;
SELECT pg_catalog.set_config('search_path', '', false);
SET check_function_bodies = false;
SET xmloption = content;
SET client_min_messages = warning;
SET row_security = off;

SET default_tablespace = '';

SET default_table_access_method = heap;

--
-- Name: api_cartitem; Type: TABLE; Schema: public; Owner: snakelab
--

CREATE TABLE public.api_cartitem (
    id bigint NOT NULL,
    quantity integer NOT NULL,
    added_at timestamp with time zone NOT NULL,
    updated_at timestamp with time zone NOT NULL,
    morph_id integer,
    snake_id integer,
    cart_id bigint NOT NULL,
    terrarium_id integer,
    food_id integer,
    CONSTRAINT api_cartitem_quantity_9eb314c1_check CHECK ((quantity >= 0))
);


ALTER TABLE public.api_cartitem OWNER TO snakelab;

--
-- Name: api_cartitem_id_seq; Type: SEQUENCE; Schema: public; Owner: snakelab
--

ALTER TABLE public.api_cartitem ALTER COLUMN id ADD GENERATED BY DEFAULT AS IDENTITY (
    SEQUENCE NAME public.api_cartitem_id_seq
    START WITH 1
    INCREMENT BY 1
    NO MINVALUE
    NO MAXVALUE
    CACHE 1
);


--
-- Name: api_difficultylevel; Type: TABLE; Schema: public; Owner: snakelab
--

CREATE TABLE public.api_difficultylevel (
    id integer NOT NULL,
    name character varying(250) NOT NULL,
    stars integer NOT NULL
);


ALTER TABLE public.api_difficultylevel OWNER TO snakelab;

--
-- Name: api_difficultylevel_id_seq; Type: SEQUENCE; Schema: public; Owner: snakelab
--

ALTER TABLE public.api_difficultylevel ALTER COLUMN id ADD GENERATED BY DEFAULT AS IDENTITY (
    SEQUENCE NAME public.api_difficultylevel_id_seq
    START WITH 1
    INCREMENT BY 1
    NO MINVALUE
    NO MAXVALUE
    CACHE 1
);


--
-- Name: api_food; Type: TABLE; Schema: public; Owner: snakelab
--

CREATE TABLE public.api_food (
    id integer NOT NULL,
    name character varying(250) NOT NULL,
    slug character varying(50) NOT NULL,
    description text NOT NULL,
    price integer NOT NULL,
    quantity integer NOT NULL,
    weight_g smallint NOT NULL,
    animal_type character varying(100) NOT NULL,
    size character varying(2) NOT NULL,
    is_frozen boolean NOT NULL,
    is_active boolean NOT NULL,
    views_count integer NOT NULL,
    sku character varying(50) NOT NULL,
    created_at timestamp with time zone NOT NULL,
    updated_at timestamp with time zone NOT NULL,
    tag_id integer,
    category_id integer
);


ALTER TABLE public.api_food OWNER TO snakelab;

--
-- Name: api_food_id_seq; Type: SEQUENCE; Schema: public; Owner: snakelab
--

ALTER TABLE public.api_food ALTER COLUMN id ADD GENERATED BY DEFAULT AS IDENTITY (
    SEQUENCE NAME public.api_food_id_seq
    START WITH 1
    INCREMENT BY 1
    NO MINVALUE
    NO MAXVALUE
    CACHE 1
);


--
-- Name: api_foodcategory; Type: TABLE; Schema: public; Owner: snakelab
--

CREATE TABLE public.api_foodcategory (
    id integer NOT NULL,
    name character varying(250) NOT NULL,
    slug character varying(50) NOT NULL,
    description text NOT NULL,
    created_at timestamp with time zone NOT NULL,
    updated_at timestamp with time zone NOT NULL,
    tag_id integer
);


ALTER TABLE public.api_foodcategory OWNER TO snakelab;

--
-- Name: api_foodcategory_id_seq; Type: SEQUENCE; Schema: public; Owner: snakelab
--

ALTER TABLE public.api_foodcategory ALTER COLUMN id ADD GENERATED BY DEFAULT AS IDENTITY (
    SEQUENCE NAME public.api_foodcategory_id_seq
    START WITH 1
    INCREMENT BY 1
    NO MINVALUE
    NO MAXVALUE
    CACHE 1
);


--
-- Name: api_foodimage; Type: TABLE; Schema: public; Owner: snakelab
--

CREATE TABLE public.api_foodimage (
    id integer NOT NULL,
    image_url character varying(200) NOT NULL,
    food_id integer NOT NULL
);


ALTER TABLE public.api_foodimage OWNER TO snakelab;

--
-- Name: api_foodimage_id_seq; Type: SEQUENCE; Schema: public; Owner: snakelab
--

ALTER TABLE public.api_foodimage ALTER COLUMN id ADD GENERATED BY DEFAULT AS IDENTITY (
    SEQUENCE NAME public.api_foodimage_id_seq
    START WITH 1
    INCREMENT BY 1
    NO MINVALUE
    NO MAXVALUE
    CACHE 1
);


--
-- Name: api_morph; Type: TABLE; Schema: public; Owner: snakelab
--

CREATE TABLE public.api_morph (
    id integer NOT NULL,
    name character varying(50) NOT NULL,
    description text NOT NULL,
    price_modifier integer NOT NULL,
    quantity integer NOT NULL,
    color character varying(7) NOT NULL,
    snake_id integer NOT NULL
);


ALTER TABLE public.api_morph OWNER TO snakelab;

--
-- Name: api_morph_id_seq; Type: SEQUENCE; Schema: public; Owner: snakelab
--

ALTER TABLE public.api_morph ALTER COLUMN id ADD GENERATED BY DEFAULT AS IDENTITY (
    SEQUENCE NAME public.api_morph_id_seq
    START WITH 1
    INCREMENT BY 1
    NO MINVALUE
    NO MAXVALUE
    CACHE 1
);


--
-- Name: api_order; Type: TABLE; Schema: public; Owner: snakelab
--

CREATE TABLE public.api_order (
    id integer NOT NULL,
    status character varying(20) NOT NULL,
    total_price integer NOT NULL,
    delivery_address_snapshot jsonb NOT NULL,
    comment text NOT NULL,
    created_at timestamp with time zone NOT NULL,
    updated_at timestamp with time zone NOT NULL,
    address_id integer,
    promo_code_id bigint,
    user_id bigint NOT NULL,
    payment_method character varying(10) NOT NULL,
    CONSTRAINT api_order_total_price_check CHECK ((total_price >= 0))
);


ALTER TABLE public.api_order OWNER TO snakelab;

--
-- Name: api_order_id_seq; Type: SEQUENCE; Schema: public; Owner: snakelab
--

ALTER TABLE public.api_order ALTER COLUMN id ADD GENERATED BY DEFAULT AS IDENTITY (
    SEQUENCE NAME public.api_order_id_seq
    START WITH 1
    INCREMENT BY 1
    NO MINVALUE
    NO MAXVALUE
    CACHE 1
);


--
-- Name: api_orderitem; Type: TABLE; Schema: public; Owner: snakelab
--

CREATE TABLE public.api_orderitem (
    id bigint NOT NULL,
    quantity integer NOT NULL,
    unit_price integer NOT NULL,
    food_id integer,
    morph_id integer,
    order_id integer NOT NULL,
    snake_id integer,
    terrarium_id integer,
    CONSTRAINT api_orderitem_quantity_check CHECK ((quantity >= 0)),
    CONSTRAINT api_orderitem_unit_price_check CHECK ((unit_price >= 0))
);


ALTER TABLE public.api_orderitem OWNER TO snakelab;

--
-- Name: api_orderitem_id_seq; Type: SEQUENCE; Schema: public; Owner: snakelab
--

ALTER TABLE public.api_orderitem ALTER COLUMN id ADD GENERATED BY DEFAULT AS IDENTITY (
    SEQUENCE NAME public.api_orderitem_id_seq
    START WITH 1
    INCREMENT BY 1
    NO MINVALUE
    NO MAXVALUE
    CACHE 1
);


--
-- Name: api_promocode; Type: TABLE; Schema: public; Owner: snakelab
--

CREATE TABLE public.api_promocode (
    id bigint NOT NULL,
    code character varying(50) NOT NULL,
    discount_type character varying(10) NOT NULL,
    discount_value integer NOT NULL,
    min_order_amount integer NOT NULL,
    max_uses integer,
    used_count integer NOT NULL,
    is_active boolean NOT NULL,
    valid_from timestamp with time zone NOT NULL,
    valid_until timestamp with time zone,
    created_at timestamp with time zone NOT NULL,
    CONSTRAINT api_promocode_discount_value_check CHECK ((discount_value >= 0)),
    CONSTRAINT api_promocode_max_uses_check CHECK ((max_uses >= 0)),
    CONSTRAINT api_promocode_min_order_amount_check CHECK ((min_order_amount >= 0)),
    CONSTRAINT api_promocode_used_count_check CHECK ((used_count >= 0))
);


ALTER TABLE public.api_promocode OWNER TO snakelab;

--
-- Name: api_promocode_id_seq; Type: SEQUENCE; Schema: public; Owner: snakelab
--

ALTER TABLE public.api_promocode ALTER COLUMN id ADD GENERATED BY DEFAULT AS IDENTITY (
    SEQUENCE NAME public.api_promocode_id_seq
    START WITH 1
    INCREMENT BY 1
    NO MINVALUE
    NO MAXVALUE
    CACHE 1
);


--
-- Name: api_snake; Type: TABLE; Schema: public; Owner: snakelab
--

CREATE TABLE public.api_snake (
    id integer NOT NULL,
    name character varying(250) NOT NULL,
    slug character varying(50) NOT NULL,
    description text NOT NULL,
    price integer NOT NULL,
    quantity integer NOT NULL,
    size_min_cm smallint NOT NULL,
    size_max_cm smallint NOT NULL,
    temp_min_c smallint NOT NULL,
    temp_max_c smallint NOT NULL,
    is_active boolean NOT NULL,
    created_at timestamp with time zone NOT NULL,
    updated_at timestamp with time zone NOT NULL,
    views_count integer NOT NULL,
    sku character varying(50) NOT NULL,
    difficulty_level_id integer,
    category_id integer,
    tag_id integer
);


ALTER TABLE public.api_snake OWNER TO snakelab;

--
-- Name: api_snake_id_seq; Type: SEQUENCE; Schema: public; Owner: snakelab
--

ALTER TABLE public.api_snake ALTER COLUMN id ADD GENERATED BY DEFAULT AS IDENTITY (
    SEQUENCE NAME public.api_snake_id_seq
    START WITH 1
    INCREMENT BY 1
    NO MINVALUE
    NO MAXVALUE
    CACHE 1
);


--
-- Name: api_snakecategory; Type: TABLE; Schema: public; Owner: snakelab
--

CREATE TABLE public.api_snakecategory (
    id integer NOT NULL,
    name character varying(250) NOT NULL,
    slug character varying(50) NOT NULL,
    description text NOT NULL,
    created_at timestamp with time zone NOT NULL,
    updated_at timestamp with time zone NOT NULL,
    tag_id integer
);


ALTER TABLE public.api_snakecategory OWNER TO snakelab;

--
-- Name: api_snakecategory_id_seq; Type: SEQUENCE; Schema: public; Owner: snakelab
--

ALTER TABLE public.api_snakecategory ALTER COLUMN id ADD GENERATED BY DEFAULT AS IDENTITY (
    SEQUENCE NAME public.api_snakecategory_id_seq
    START WITH 1
    INCREMENT BY 1
    NO MINVALUE
    NO MAXVALUE
    CACHE 1
);


--
-- Name: api_snakecharacteristic; Type: TABLE; Schema: public; Owner: snakelab
--

CREATE TABLE public.api_snakecharacteristic (
    id integer NOT NULL,
    lifespan_years integer NOT NULL,
    humidity_min smallint NOT NULL,
    humidity_max smallint NOT NULL,
    feeding_type character varying(50) NOT NULL,
    origin_country character varying(50) NOT NULL,
    snake_id integer NOT NULL
);


ALTER TABLE public.api_snakecharacteristic OWNER TO snakelab;

--
-- Name: api_snakecharacteristic_id_seq; Type: SEQUENCE; Schema: public; Owner: snakelab
--

ALTER TABLE public.api_snakecharacteristic ALTER COLUMN id ADD GENERATED BY DEFAULT AS IDENTITY (
    SEQUENCE NAME public.api_snakecharacteristic_id_seq
    START WITH 1
    INCREMENT BY 1
    NO MINVALUE
    NO MAXVALUE
    CACHE 1
);


--
-- Name: api_snakeimage; Type: TABLE; Schema: public; Owner: snakelab
--

CREATE TABLE public.api_snakeimage (
    id integer NOT NULL,
    image_url character varying(200) NOT NULL,
    morph_id integer,
    snake_id integer NOT NULL
);


ALTER TABLE public.api_snakeimage OWNER TO snakelab;

--
-- Name: api_snakeimage_id_seq; Type: SEQUENCE; Schema: public; Owner: snakelab
--

ALTER TABLE public.api_snakeimage ALTER COLUMN id ADD GENERATED BY DEFAULT AS IDENTITY (
    SEQUENCE NAME public.api_snakeimage_id_seq
    START WITH 1
    INCREMENT BY 1
    NO MINVALUE
    NO MAXVALUE
    CACHE 1
);


--
-- Name: api_tag; Type: TABLE; Schema: public; Owner: snakelab
--

CREATE TABLE public.api_tag (
    id integer NOT NULL,
    name character varying(20) NOT NULL,
    color character varying(10) NOT NULL,
    created_at timestamp with time zone NOT NULL,
    updated_at timestamp with time zone NOT NULL
);


ALTER TABLE public.api_tag OWNER TO snakelab;

--
-- Name: api_tag_id_seq; Type: SEQUENCE; Schema: public; Owner: snakelab
--

ALTER TABLE public.api_tag ALTER COLUMN id ADD GENERATED BY DEFAULT AS IDENTITY (
    SEQUENCE NAME public.api_tag_id_seq
    START WITH 1
    INCREMENT BY 1
    NO MINVALUE
    NO MAXVALUE
    CACHE 1
);


--
-- Name: api_terrarium; Type: TABLE; Schema: public; Owner: snakelab
--

CREATE TABLE public.api_terrarium (
    id integer NOT NULL,
    name character varying(250) NOT NULL,
    slug character varying(50) NOT NULL,
    description text NOT NULL,
    price integer NOT NULL,
    quantity integer NOT NULL,
    length_cm smallint NOT NULL,
    width_cm smallint NOT NULL,
    height_cm smallint NOT NULL,
    material character varying(100) NOT NULL,
    is_active boolean NOT NULL,
    views_count integer NOT NULL,
    sku character varying(50) NOT NULL,
    created_at timestamp with time zone NOT NULL,
    updated_at timestamp with time zone NOT NULL,
    tag_id integer,
    category_id integer
);


ALTER TABLE public.api_terrarium OWNER TO snakelab;

--
-- Name: api_terrarium_id_seq; Type: SEQUENCE; Schema: public; Owner: snakelab
--

ALTER TABLE public.api_terrarium ALTER COLUMN id ADD GENERATED BY DEFAULT AS IDENTITY (
    SEQUENCE NAME public.api_terrarium_id_seq
    START WITH 1
    INCREMENT BY 1
    NO MINVALUE
    NO MAXVALUE
    CACHE 1
);


--
-- Name: api_terrariumcategory; Type: TABLE; Schema: public; Owner: snakelab
--

CREATE TABLE public.api_terrariumcategory (
    id integer NOT NULL,
    name character varying(250) NOT NULL,
    slug character varying(50) NOT NULL,
    description text NOT NULL,
    created_at timestamp with time zone NOT NULL,
    updated_at timestamp with time zone NOT NULL,
    tag_id integer
);


ALTER TABLE public.api_terrariumcategory OWNER TO snakelab;

--
-- Name: api_terrariumcategory_id_seq; Type: SEQUENCE; Schema: public; Owner: snakelab
--

ALTER TABLE public.api_terrariumcategory ALTER COLUMN id ADD GENERATED BY DEFAULT AS IDENTITY (
    SEQUENCE NAME public.api_terrariumcategory_id_seq
    START WITH 1
    INCREMENT BY 1
    NO MINVALUE
    NO MAXVALUE
    CACHE 1
);


--
-- Name: api_terrariumimage; Type: TABLE; Schema: public; Owner: snakelab
--

CREATE TABLE public.api_terrariumimage (
    id integer NOT NULL,
    image_url character varying(200) NOT NULL,
    terrarium_id integer NOT NULL
);


ALTER TABLE public.api_terrariumimage OWNER TO snakelab;

--
-- Name: api_terrariumimage_id_seq; Type: SEQUENCE; Schema: public; Owner: snakelab
--

ALTER TABLE public.api_terrariumimage ALTER COLUMN id ADD GENERATED BY DEFAULT AS IDENTITY (
    SEQUENCE NAME public.api_terrariumimage_id_seq
    START WITH 1
    INCREMENT BY 1
    NO MINVALUE
    NO MAXVALUE
    CACHE 1
);


--
-- Name: api_user; Type: TABLE; Schema: public; Owner: snakelab
--

CREATE TABLE public.api_user (
    id bigint NOT NULL,
    password character varying(128) NOT NULL,
    last_login timestamp with time zone,
    is_superuser boolean NOT NULL,
    email character varying(254) NOT NULL,
    first_name character varying(30) NOT NULL,
    last_name character varying(50) NOT NULL,
    phone character varying(20) NOT NULL,
    role character varying(10) NOT NULL,
    is_active boolean NOT NULL,
    is_staff boolean NOT NULL,
    is_verified boolean NOT NULL,
    created_at timestamp with time zone NOT NULL,
    updated_at timestamp with time zone NOT NULL
);


ALTER TABLE public.api_user OWNER TO snakelab;

--
-- Name: api_user_groups; Type: TABLE; Schema: public; Owner: snakelab
--

CREATE TABLE public.api_user_groups (
    id bigint NOT NULL,
    user_id bigint NOT NULL,
    group_id integer NOT NULL
);


ALTER TABLE public.api_user_groups OWNER TO snakelab;

--
-- Name: api_user_groups_id_seq; Type: SEQUENCE; Schema: public; Owner: snakelab
--

ALTER TABLE public.api_user_groups ALTER COLUMN id ADD GENERATED BY DEFAULT AS IDENTITY (
    SEQUENCE NAME public.api_user_groups_id_seq
    START WITH 1
    INCREMENT BY 1
    NO MINVALUE
    NO MAXVALUE
    CACHE 1
);


--
-- Name: api_user_id_seq; Type: SEQUENCE; Schema: public; Owner: snakelab
--

ALTER TABLE public.api_user ALTER COLUMN id ADD GENERATED BY DEFAULT AS IDENTITY (
    SEQUENCE NAME public.api_user_id_seq
    START WITH 1
    INCREMENT BY 1
    NO MINVALUE
    NO MAXVALUE
    CACHE 1
);


--
-- Name: api_user_user_permissions; Type: TABLE; Schema: public; Owner: snakelab
--

CREATE TABLE public.api_user_user_permissions (
    id bigint NOT NULL,
    user_id bigint NOT NULL,
    permission_id integer NOT NULL
);


ALTER TABLE public.api_user_user_permissions OWNER TO snakelab;

--
-- Name: api_user_user_permissions_id_seq; Type: SEQUENCE; Schema: public; Owner: snakelab
--

ALTER TABLE public.api_user_user_permissions ALTER COLUMN id ADD GENERATED BY DEFAULT AS IDENTITY (
    SEQUENCE NAME public.api_user_user_permissions_id_seq
    START WITH 1
    INCREMENT BY 1
    NO MINVALUE
    NO MAXVALUE
    CACHE 1
);


--
-- Name: api_useradress; Type: TABLE; Schema: public; Owner: snakelab
--

CREATE TABLE public.api_useradress (
    id integer NOT NULL,
    country character varying(50) NOT NULL,
    city character varying(50) NOT NULL,
    street character varying(100) NOT NULL,
    house character varying(10) NOT NULL,
    apartment character varying(10),
    postal_code character varying(20) NOT NULL,
    is_default boolean NOT NULL,
    created_at timestamp with time zone NOT NULL,
    updated_at timestamp with time zone NOT NULL,
    user_id bigint NOT NULL
);


ALTER TABLE public.api_useradress OWNER TO snakelab;

--
-- Name: api_useradress_id_seq; Type: SEQUENCE; Schema: public; Owner: snakelab
--

ALTER TABLE public.api_useradress ALTER COLUMN id ADD GENERATED BY DEFAULT AS IDENTITY (
    SEQUENCE NAME public.api_useradress_id_seq
    START WITH 1
    INCREMENT BY 1
    NO MINVALUE
    NO MAXVALUE
    CACHE 1
);


--
-- Name: api_usercart; Type: TABLE; Schema: public; Owner: snakelab
--

CREATE TABLE public.api_usercart (
    id bigint NOT NULL,
    created_at timestamp with time zone NOT NULL,
    updated_at timestamp with time zone NOT NULL,
    user_id bigint NOT NULL
);


ALTER TABLE public.api_usercart OWNER TO snakelab;

--
-- Name: api_usercart_id_seq; Type: SEQUENCE; Schema: public; Owner: snakelab
--

ALTER TABLE public.api_usercart ALTER COLUMN id ADD GENERATED BY DEFAULT AS IDENTITY (
    SEQUENCE NAME public.api_usercart_id_seq
    START WITH 1
    INCREMENT BY 1
    NO MINVALUE
    NO MAXVALUE
    CACHE 1
);


--
-- Name: auth_group; Type: TABLE; Schema: public; Owner: snakelab
--

CREATE TABLE public.auth_group (
    id integer NOT NULL,
    name character varying(150) NOT NULL
);


ALTER TABLE public.auth_group OWNER TO snakelab;

--
-- Name: auth_group_id_seq; Type: SEQUENCE; Schema: public; Owner: snakelab
--

ALTER TABLE public.auth_group ALTER COLUMN id ADD GENERATED BY DEFAULT AS IDENTITY (
    SEQUENCE NAME public.auth_group_id_seq
    START WITH 1
    INCREMENT BY 1
    NO MINVALUE
    NO MAXVALUE
    CACHE 1
);


--
-- Name: auth_group_permissions; Type: TABLE; Schema: public; Owner: snakelab
--

CREATE TABLE public.auth_group_permissions (
    id bigint NOT NULL,
    group_id integer NOT NULL,
    permission_id integer NOT NULL
);


ALTER TABLE public.auth_group_permissions OWNER TO snakelab;

--
-- Name: auth_group_permissions_id_seq; Type: SEQUENCE; Schema: public; Owner: snakelab
--

ALTER TABLE public.auth_group_permissions ALTER COLUMN id ADD GENERATED BY DEFAULT AS IDENTITY (
    SEQUENCE NAME public.auth_group_permissions_id_seq
    START WITH 1
    INCREMENT BY 1
    NO MINVALUE
    NO MAXVALUE
    CACHE 1
);


--
-- Name: auth_permission; Type: TABLE; Schema: public; Owner: snakelab
--

CREATE TABLE public.auth_permission (
    id integer NOT NULL,
    name character varying(255) NOT NULL,
    content_type_id integer NOT NULL,
    codename character varying(100) NOT NULL
);


ALTER TABLE public.auth_permission OWNER TO snakelab;

--
-- Name: auth_permission_id_seq; Type: SEQUENCE; Schema: public; Owner: snakelab
--

ALTER TABLE public.auth_permission ALTER COLUMN id ADD GENERATED BY DEFAULT AS IDENTITY (
    SEQUENCE NAME public.auth_permission_id_seq
    START WITH 1
    INCREMENT BY 1
    NO MINVALUE
    NO MAXVALUE
    CACHE 1
);


--
-- Name: django_admin_log; Type: TABLE; Schema: public; Owner: snakelab
--

CREATE TABLE public.django_admin_log (
    id integer NOT NULL,
    action_time timestamp with time zone NOT NULL,
    object_id text,
    object_repr character varying(200) NOT NULL,
    action_flag smallint NOT NULL,
    change_message text NOT NULL,
    content_type_id integer,
    user_id bigint NOT NULL,
    CONSTRAINT django_admin_log_action_flag_check CHECK ((action_flag >= 0))
);


ALTER TABLE public.django_admin_log OWNER TO snakelab;

--
-- Name: django_admin_log_id_seq; Type: SEQUENCE; Schema: public; Owner: snakelab
--

ALTER TABLE public.django_admin_log ALTER COLUMN id ADD GENERATED BY DEFAULT AS IDENTITY (
    SEQUENCE NAME public.django_admin_log_id_seq
    START WITH 1
    INCREMENT BY 1
    NO MINVALUE
    NO MAXVALUE
    CACHE 1
);


--
-- Name: django_content_type; Type: TABLE; Schema: public; Owner: snakelab
--

CREATE TABLE public.django_content_type (
    id integer NOT NULL,
    app_label character varying(100) NOT NULL,
    model character varying(100) NOT NULL
);


ALTER TABLE public.django_content_type OWNER TO snakelab;

--
-- Name: django_content_type_id_seq; Type: SEQUENCE; Schema: public; Owner: snakelab
--

ALTER TABLE public.django_content_type ALTER COLUMN id ADD GENERATED BY DEFAULT AS IDENTITY (
    SEQUENCE NAME public.django_content_type_id_seq
    START WITH 1
    INCREMENT BY 1
    NO MINVALUE
    NO MAXVALUE
    CACHE 1
);


--
-- Name: django_migrations; Type: TABLE; Schema: public; Owner: snakelab
--

CREATE TABLE public.django_migrations (
    id bigint NOT NULL,
    app character varying(255) NOT NULL,
    name character varying(255) NOT NULL,
    applied timestamp with time zone NOT NULL
);


ALTER TABLE public.django_migrations OWNER TO snakelab;

--
-- Name: django_migrations_id_seq; Type: SEQUENCE; Schema: public; Owner: snakelab
--

ALTER TABLE public.django_migrations ALTER COLUMN id ADD GENERATED BY DEFAULT AS IDENTITY (
    SEQUENCE NAME public.django_migrations_id_seq
    START WITH 1
    INCREMENT BY 1
    NO MINVALUE
    NO MAXVALUE
    CACHE 1
);


--
-- Name: django_session; Type: TABLE; Schema: public; Owner: snakelab
--

CREATE TABLE public.django_session (
    session_key character varying(40) NOT NULL,
    session_data text NOT NULL,
    expire_date timestamp with time zone NOT NULL
);


ALTER TABLE public.django_session OWNER TO snakelab;

--
-- Data for Name: api_cartitem; Type: TABLE DATA; Schema: public; Owner: snakelab
--

COPY public.api_cartitem (id, quantity, added_at, updated_at, morph_id, snake_id, cart_id, terrarium_id, food_id) FROM stdin;
15	11	2026-05-28 15:24:22.383626+00	2026-05-28 15:24:25.458339+00	\N	3	1	\N	\N
8	1	2026-05-28 13:07:40.184479+00	2026-05-28 13:07:40.184488+00	\N	10	3	\N	\N
\.


--
-- Data for Name: api_difficultylevel; Type: TABLE DATA; Schema: public; Owner: snakelab
--

COPY public.api_difficultylevel (id, name, stars) FROM stdin;
1	Для новичков	1
2	Для опытных	2
3	Для профессионалов	3
\.


--
-- Data for Name: api_food; Type: TABLE DATA; Schema: public; Owner: snakelab
--

COPY public.api_food (id, name, slug, description, price, quantity, weight_g, animal_type, size, is_frozen, is_active, views_count, sku, created_at, updated_at, tag_id, category_id) FROM stdin;
1	Мышь новорождённая (пинки)	mysh-novorozhdennaya-pinki	Замороженные новорождённые мышата (пинки). Идеальный первый корм для молодых маисовых полозов, молочных и королевских змей. Без шерсти, легко перевариваются.	250	500	5	Мышь	XS	t	t	0	FD-001	2026-01-01 00:00:00+00	2026-01-01 00:00:00+00	\N	1
2	Мышь малая (фаззи)	mysh-malaya-fazzi	Замороженные мышата с первым пушком (фаззи). Подходят для молодых змей среднего размера. Оптимальный корм для маисовых полозов и небольших удавов.	350	400	12	Мышь	S	t	t	0	FD-002	2026-01-01 00:00:00+00	2026-01-01 00:00:00+00	\N	1
4	Крыса малая	krysa-malaya	Замороженные молодые крысы. Питательный корм для королевских питонов, радужных удавов и других средних видов. Более питательны, чем мыши аналогичного размера.	900	200	80	Крыса	S	t	t	0	FD-004	2026-01-01 00:00:00+00	2026-01-01 00:00:00+00	\N	1
6	Крыса крупная	krysa-krupnaya	Замороженные крупные крысы. Подходят для больших питонов и удавов — белогубых питонов, бразильских радужных удавов и сетчатых питонов.	2200	80	400	Крыса	L	t	t	0	FD-006	2026-01-01 00:00:00+00	2026-01-01 00:00:00+00	\N	1
9	Мышь живая взрослая	mysh-zhivaya-vzroslaya	Живые взрослые мыши. Применяются при переводе змеи с живого корма на замороженный — можно использовать как промежуточный вариант.	600	40	30	Мышь	M	f	t	0	FD-009	2026-01-01 00:00:00+00	2026-01-01 00:00:00+00	4	2
10	Сверчки домовые (50 шт.)	svertchi-domovye-50	Живые домовые сверчки — универсальный корм для мелких рептилий. Перед кормлением рекомендуется загрузить сверчков питательным субстратом (gut loading).	800	100	30	Сверчок	S	f	t	0	FD-010	2026-01-01 00:00:00+00	2026-01-01 00:00:00+00	\N	3
11	Зофобас (30 шт.)	zofobas-30	Живые личинки зофобаса — высококалорийный корм для рептилий. Богаты белком и жиром. Хранятся при комнатной температуре без специального ухода.	650	80	40	Зофобас	M	f	t	0	FD-011	2026-01-01 00:00:00+00	2026-01-01 00:00:00+00	2	3
12	Суточный цыплёнок	sutochnyy-tsyplenok	Замороженные суточные цыплята — отличный источник питания для крупных питонов и удавов. Содержат желток, богатый питательными веществами. Хранить в морозильной камере.	1200	120	50	Цыплёнок	S	t	t	0	FD-012	2026-01-01 00:00:00+00	2026-01-01 00:00:00+00	\N	4
13	Цыплёнок недельный	tsyplenok-nedelnyy	Замороженные недельные цыплята. Крупнее суточных, подходят для питонов от 1.5 кг. Хорошая альтернатива крысам для разнообразия рациона.	1800	70	120	Цыплёнок	M	t	t	0	FD-013	2026-01-01 00:00:00+00	2026-01-01 00:00:00+00	\N	4
3	Мышь взрослая	mysh-vzroslaya	Замороженные взрослые мыши. Универсальный корм для большинства средних змей — полозов, королевских змей и небольших питонов.	500	350	28	Мышь	M	t	t	2	FD-003	2026-01-01 00:00:00+00	2026-01-01 00:00:00+00	1	1
7	Крыса гигантская	krysa-gigantskaya	Замороженные крупнейшие крысы (jumbo). Корм для самых больших питонов — тигрового, сетчатого и амурского. Одна крыса — один кормёж.	3500	40	700	Крыса	XL	t	t	2	FD-007	2026-01-01 00:00:00+00	2026-01-01 00:00:00+00	3	1
8	Мышь живая малая	mysh-zhivaya-malaya	Живые молодые мыши для змей, которые отказываются от разморозки. Только для опытных владельцев — живой корм может поранить змею.	450	60	15	Мышь	S	f	t	2	FD-008	2026-01-01 00:00:00+00	2026-01-01 00:00:00+00	4	2
5	Крыса средняя	krysa-srednyaya	Замороженные взрослые крысы среднего размера. Основной корм для королевских питонов, императорских удавов и техасских полозов.	1400	150	200	Крыса	M	t	t	2	FD-005	2026-01-01 00:00:00+00	2026-01-01 00:00:00+00	1	1
\.


--
-- Data for Name: api_foodcategory; Type: TABLE DATA; Schema: public; Owner: snakelab
--

COPY public.api_foodcategory (id, name, slug, description, created_at, updated_at, tag_id) FROM stdin;
1	Замороженные грызуны	zamorozhennye-gryzuny	Замороженные мыши и крысы — самый популярный вид корма для змей. Полностью безопасны: отсутствует риск травм от живого корма, удобно хранить в морозилке.	2026-01-01 00:00:00+00	2026-01-01 00:00:00+00	1
2	Живые грызуны	zhivye-gryzuny	Живые мыши и крысы для змей, предпочитающих активный корм. Рекомендуется только для опытных владельцев — живой корм может травмировать змею.	2026-01-01 00:00:00+00	2026-01-01 00:00:00+00	\N
3	Насекомые	nasekomye	Сверчки, зофобас, мучной червь и другие насекомые. Подходят для небольших видов змей и ящериц.	2026-01-01 00:00:00+00	2026-01-01 00:00:00+00	2
4	Суточные цыплята	sutochnye-tsyplyata	Замороженные суточные цыплята — отличный корм для средних и крупных питонов и удавов. Богаты питательными веществами.	2026-01-01 00:00:00+00	2026-01-01 00:00:00+00	\N
\.


--
-- Data for Name: api_foodimage; Type: TABLE DATA; Schema: public; Owner: snakelab
--

COPY public.api_foodimage (id, image_url, food_id) FROM stdin;
\.


--
-- Data for Name: api_morph; Type: TABLE DATA; Schema: public; Owner: snakelab
--

COPY public.api_morph (id, name, description, price_modifier, quantity, color, snake_id) FROM stdin;
1	Blue Eyed Leucistic	Редкая белоснежная морфа с яркими голубыми глазами. Практически полностью лишена тёмного пигмента и высоко ценится среди коллекционеров.	-99000	1	#F5F5F5	1
2	Banana	Популярная морфа с жёлтым окрасом и лавандовыми пятнами, которые со временем становятся более насыщенными.	-229000	2	#FFD700	1
3	Pied	Морфа с крупными белыми участками тела и контрастными цветными пятнами. Каждый рисунок уникален.	-169000	2	#FFFAFA	1
4	Albino	Альбиносная морфа с яркими жёлто-оранжевыми оттенками и отсутствием тёмного пигмента.	-55000	2	#FFA500	6
5	Hypo	Морфа с уменьшенным количеством чёрного пигмента, благодаря чему окрас выглядит более светлым и контрастным.	-70000	3	#D2B48C	6
6	Anery	Морфа без красного пигмента, имеет серые, серебристые и чёрные оттенки.	-65000	2	#808080	6
7	Albino	Классическая альбиносная морфа с ярким жёлто-оранжевым окрасом и отсутствием тёмного пигмента. Очень популярна среди любителей.	-20000	3	#FFC200	7
8	Banana	Яркая морфа с жёлто-кремовым окрасом и мягким контрастным рисунком по телу, со временем цвет может становиться более насыщенным.	-20000	2	#FFEC8B	8
9	High White	Морфа с преобладанием белого цвета и минимальным количеством тёмных полос, создаёт эффект чистого светлого окраса.	-30000	2	#FAFAFA	8
10	Blue Line	Редкая морфа с ярко выраженными голубыми линиями вдоль тела на зелёном фоне. Очень ценится среди коллекционеров.	-30000	1	#2E8B57	9
11	Yellow Line	Морфа с ярким жёлто-зелёным окрасом и усиленным контрастом рисунка.	-110000	2	#ADFF2F	9
12	Albino	Светлая морфа с отсутствием тёмного пигмента и яркими жёлто-белыми оттенками.	-60000	1	#FFFFF0	9
\.


--
-- Data for Name: api_order; Type: TABLE DATA; Schema: public; Owner: snakelab
--

COPY public.api_order (id, status, total_price, delivery_address_snapshot, comment, created_at, updated_at, address_id, promo_code_id, user_id, payment_method) FROM stdin;
1	confirmed	2795000	{"city": "Красный Сулин", "house": "43", "street": "Вербенская", "country": "Казахстан", "apartment": null, "postal_code": "346352"}	Оставить у двери	2026-05-28 12:49:03.119342+00	2026-05-28 13:38:46.65845+00	5	1	2	cash
3	pending	1100000	{"city": "Красный Сулин", "house": "43", "street": "Вербенская", "country": "Казахстан", "apartment": null, "postal_code": "346352"}		2026-05-28 13:46:09.899173+00	2026-05-28 13:46:09.899182+00	5	\N	2	card
4	pending	888250	{"city": "Красный Сулин", "house": "43", "street": "Вербенская", "country": "Казахстан", "apartment": null, "postal_code": "346352"}		2026-05-28 13:46:56.067057+00	2026-05-28 13:46:56.067079+00	5	1	2	card
2	delivered	385000	{"city": "Красный Сулин", "house": "43", "street": "Вербенская", "country": "Казахстан", "apartment": null, "postal_code": "346352"}		2026-05-28 13:44:12.241636+00	2026-05-28 13:53:04.764624+00	5	\N	2	card
6	pending	935000	{"city": "Красный Сулин", "house": "43", "street": "Вербенская", "country": "Казахстан", "apartment": null, "postal_code": "346352"}		2026-05-28 15:23:57.233236+00	2026-05-28 15:23:57.233251+00	5	1	2	card
5	cancelled	1134750	{"city": "Красный Сулин", "house": "43", "street": "Вербенская", "country": "Казахстан", "apartment": null, "postal_code": "346352"}	Оставить у своей мамаши	2026-05-28 15:15:40.81037+00	2026-05-28 15:26:42.658194+00	5	1	2	card
\.


--
-- Data for Name: api_orderitem; Type: TABLE DATA; Schema: public; Owner: snakelab
--

COPY public.api_orderitem (id, quantity, unit_price, food_id, morph_id, order_id, snake_id, terrarium_id) FROM stdin;
1	5	55000	\N	\N	1	10	\N
2	8	250000	\N	1	1	1	\N
3	20	500	3	\N	1	\N	\N
4	6	85000	\N	\N	1	\N	8
5	7	55000	\N	\N	2	10	\N
6	20	55000	\N	\N	3	10	\N
7	19	55000	\N	\N	4	10	\N
8	10	40000	\N	9	5	8	\N
9	17	55000	\N	\N	5	10	\N
10	10	110000	\N	\N	6	3	\N
\.


--
-- Data for Name: api_promocode; Type: TABLE DATA; Schema: public; Owner: snakelab
--

COPY public.api_promocode (id, code, discount_type, discount_value, min_order_amount, max_uses, used_count, is_active, valid_from, valid_until, created_at) FROM stdin;
1	NYAHA123	percent	15	1000000	3	3	t	2026-05-20 05:58:00+00	\N	2026-05-20 20:58:22.2655+00
\.


--
-- Data for Name: api_snake; Type: TABLE DATA; Schema: public; Owner: snakelab
--

COPY public.api_snake (id, name, slug, description, price, quantity, size_min_cm, size_max_cm, temp_min_c, temp_max_c, is_active, created_at, updated_at, views_count, sku, difficulty_level_id, category_id, tag_id) FROM stdin;
6	Императорский удав	imperatorskiy-udav	Императорский удав отличается крепким телосложением, спокойным темпераментом и разнообразием окрасов. Хорошо адаптируется к содержанию в террариуме, питается грызунами соответствующего размера. Требует просторный террариум с поддержанием температуры и влажности.	100000	6	180	280	26	32	t	2026-01-01 00:00:00+00	2026-01-01 00:00:00+00	4	SNK-006	2	6	\N
3	Техасский полоз	teksaskiy-poloz	Техасский полоз — лазающая змея, неприхотливая в уходе. Белая форма-леуцист с голубыми глазами пользуется огромной популярностью среди террариумистов. Хорошо подходит для начинающих при правильном подходе к приручению.	110000	8	150	180	25	27	t	2026-01-01 00:00:00+00	2026-06-11 20:30:38.318906+00	16	SNK-003	1	3	\N
1	Королевский питон	korolevskiy-piton	Королевский питон — одна из самых популярных змей в террариумистике. Отличается спокойным нравом, компактными размерами и огромным разнообразием морф. Активен в ночное время, легко приручается и хорошо переносит обращение.	349000	5	90	150	30	33	t	2026-01-01 00:00:00+00	2026-01-01 00:00:00+00	18	SNK-001	1	1	1
2	Белогубый питон	belogubiy-piton	Белогубый питон отличается элегантным телосложением и уникальной способностью менять оттенок окраса в течение дня — от золотого до фиолетово-коричневого. Требует опытного владельца и точного поддержания микроклимата.	586000	2	200	300	27	31	t	2026-01-01 00:00:00+00	2026-01-01 00:00:00+00	6	SNK-002	3	2	3
4	Островная куфия	ostrovnaya-kufiya	Островная куфия — ядовитая древесная змея с ярким зелёным окрасом и цепким хватательным хвостом. Обитает на островах Юго-Восточной Азии. Требует строго контролируемых условий содержания и рекомендована только для опытных герпетологов.	175000	3	60	90	24	28	t	2026-01-01 00:00:00+00	2026-01-01 00:00:00+00	4	SNK-004	3	4	3
5	Радужный удав	raduzhnyy-udav	Радужный удав — одна из красивейших змей мира. Его чешуя переливается всеми цветами радуги на солнечном свету благодаря особой структуре. Активен в ночное время, относительно прост в содержании.	349000	4	90	150	26	30	t	2026-01-01 00:00:00+00	2026-01-01 00:00:00+00	6	SNK-005	2	5	2
10	Пурпурная молочная змея	purpurnaya-molochnaya-zmeya	Пурпурная молочная змея — яркая неядовитая змея с насыщенными красно-чёрными полосами. Компактный размер и спокойный характер делают её отличным выбором для начинающих. Хорошо переносит обращение и неприхотлива в уходе.	55000	9	40	70	23	28	t	2026-01-01 00:00:00+00	2026-01-01 00:00:00+00	48	SNK-010	1	10	2
9	Зелёный древесный питон	zelenyy-drevesniy-piton	Яркая древесная змея с насыщенным зелёным окрасом и стройным телом. Ведёт преимущественно ночной образ жизни и большую часть времени проводит на ветках. Требует стабильной температуры, высокой влажности и просторного вертикального террариума.	180000	3	120	180	26	32	t	2026-01-01 00:00:00+00	2026-01-01 00:00:00+00	10	SNK-009	3	9	3
8	Калифорнийская королевская змея	kaliforniyskaya-korolevskaya-zmeya	Небольшая и активная змея с контрастными полосами по всему телу. Отличается выносливостью, простотой в уходе и спокойным поведением. Хорошо чувствует себя в сухих террариумах с укрытиями и умеренным уровнем влажности.	70000	7	90	140	24	31	t	2026-01-01 00:00:00+00	2026-06-11 20:30:16.268606+00	24	SNK-008	1	8	\N
7	Западный свиноносый уж	zapadnyy-svinonosyy-uzh	Спокойная и активная змея небольшого размера, подходящая для содержания в домашних террариумах. Предпочитает сухой грунт, укрытия и умеренный уровень влажности. Питается мелкими грызунами и отличается интересным поведением.	65000	10	40	90	24	32	t	2026-01-01 00:00:00+00	2026-01-01 00:00:00+00	4	SNK-007	1	7	\N
11	Бразильский радужный удав	brazilskiy-raduzhnyy-udav	Бразильский радужный удав — более крупный родственник обыкновенного радужного удава. Отличается особенно ярким переливом чешуи и мощным телосложением. Для опытных владельцев.	420000	2	150	200	26	30	t	2026-01-01 00:00:00+00	2026-01-01 00:00:00+00	4	SNK-011	2	5	3
\.


--
-- Data for Name: api_snakecategory; Type: TABLE DATA; Schema: public; Owner: snakelab
--

COPY public.api_snakecategory (id, name, slug, description, created_at, updated_at, tag_id) FROM stdin;
1	Королевский питон	korolevskiy-piton	Королевский питон (питон-шар) — это змея со спокойным характером и привлекательной расцветкой. Он считается отличным выбором для начинающих, идеален в качестве первой рептилии. Эти змеи активны в темное время суток. Для защиты они имеют интересную тактику — могут свернуться в шар. Королевские питоны обитают в открытых лесах и саваннах Западной и Центральной Африки.	2026-01-01 00:00:00+00	2026-01-01 00:00:00+00	1
3	Техасский полоз	teksaskiy-poloz	Техасский полоз (или белый крысиный полоз Elaphe obsolete lindheimeri) относится к лазающим змеям. Неприхотливы в уходе, подойдут новичкам, готовым уделить время на приручение в случае, если особь ещё молода. Красивая белая змея-леуцист с голубыми глазами завоевала любовь террариумистов по всему миру. Белых крысиных полозов лучше всего держать поодиночке.	2026-01-01 00:00:00+00	2026-01-01 00:00:00+00	\N
2	Белогубый питон	belogubiy-piton	Это элегантный питон с удлиненным телом и узкой головой. Это определенно одна из самых красивых змей. Тело его блестит и переливается. Одни особи могут быть цвета чистого золотого цвета, другие бронзовые или иметь слегка оранжевый оттенок. Интересно, что белогубый питон может демонстрировать существенное физиологическое изменение цвета. В течение 20-40 минут цвет спины может меняться с золотого со слегка фиолетовым на фиолетово-коричневый в течение дня.	2026-01-01 00:00:00+00	2026-01-01 00:00:00+00	3
4	Островная куфия	ostrovnaya-kufiya	Островная куфия — экзотическая древесная змея с ярким окрасом и цепким хвостом. Обитает в тропических лесах Юго-Восточной Азии. Требует опытного владельца и особых условий содержания с высокой влажностью и вертикальным террариумом.	2026-01-01 00:00:00+00	2026-01-01 00:00:00+00	3
5	Радужный удав	raduzhnyy-udav	Радужный удав — одна из красивейших змей в мире. Его чешуя переливается всеми цветами радуги на солнечном свету. Активен в ночное время, относительно прост в содержании.	2026-01-01 00:00:00+00	2026-01-01 00:00:00+00	2
6	Императорский удав	imperatorskiy-udav	Императорский удав — крупная и спокойная змея, популярная среди любителей рептилий благодаря красивому окрасу и относительно мирному характеру. Подходит как для начинающих, так и для опытных владельцев. Ведёт преимущественно ночной образ жизни, любит укрытия и тёплый влажный климат. При правильном уходе может жить более 20 лет.	2026-01-01 00:00:00+00	2026-01-01 00:00:00+00	\N
7	Свиноносый уж	svinonosyy-uzh	Свиноносый уж — небольшая неядовитая змея с характерным вздёрнутым носом, используемым для рытья грунта. Известен своим необычным защитным поведением: может шипеть, раздувать шею и притворяться мёртвым. Благодаря компактным размерам и разнообразию морф считается популярной домашней рептилией.	2026-01-01 00:00:00+00	2026-01-01 00:00:00+00	\N
8	Королевская змея	korolevskaya-zmeya	Королевские змеи — это неядовитые змеи, известные ярким окрасом и спокойным характером. Они получили своё название благодаря способности охотиться на других змей, включая ядовитых. Эти рептилии неприхотливы в содержании и подходят как начинающим, так и опытным владельцам.	2026-01-01 00:00:00+00	2026-01-01 00:00:00+00	\N
9	Древесный питон	drevesniy-piton	Древесные питоны — это красивые и грациозные змеи, обитающие преимущественно на деревьях в тропических лесах. Они известны ярким окрасом, цепким хвостом и характерной позой во время отдыха на ветках. Требуют повышенной влажности и вертикального террариума с большим количеством ветвей.	2026-01-01 00:00:00+00	2026-01-01 00:00:00+00	3
10	Молочная змея	molochnaya-zmeya	Молочные змеи — яркие неядовитые змеи с характерными красно-чёрно-белыми полосами. Несмотря на внешнее сходство с ядовитым коралловым аспидом, абсолютно безопасны. Неприхотливы в содержании и подходят начинающим.	2026-01-01 00:00:00+00	2026-01-01 00:00:00+00	\N
\.


--
-- Data for Name: api_snakecharacteristic; Type: TABLE DATA; Schema: public; Owner: snakelab
--

COPY public.api_snakecharacteristic (id, lifespan_years, humidity_min, humidity_max, feeding_type, origin_country, snake_id) FROM stdin;
1	35	40	60	Мыши, крысы	Африка	1
2	30	70	85	Мыши, крысы, цыплята	Австралия	2
3	20	20	40	Мыши, крысы, цыплята	США	3
4	15	70	90	Мыши, крысы	Индонезия	4
5	20	70	90	Мыши, крысы	Бразилия	5
6	25	55	75	Мыши, крысы	Центральная Америка	6
7	15	30	50	Мыши	США	7
8	20	35	55	Мыши, крысы, змеи	США	8
9	20	60	85	Мыши, крысы	Папуа Новая Гвинея	9
10	15	40	60	Мыши	США	10
11	20	70	90	Мыши, крысы	Бразилия	11
\.


--
-- Data for Name: api_snakeimage; Type: TABLE DATA; Schema: public; Owner: snakelab
--

COPY public.api_snakeimage (id, image_url, morph_id, snake_id) FROM stdin;
12	https://siniyej.ru/image/cache/catalog/animals/snakes/pithon_regius-1080x720.jpg	\N	1
13	https://upload.wikimedia.org/wikipedia/commons/c/cc/Leiopython_albertisii.jpg	\N	2
14	https://tetc.te.ua/wp-content/uploads/2025/10/1-33.jpg	\N	3
15	https://terrarium-online.com/wp-content/uploads/2023/02/1-23.jpg	\N	4
16	https://sun9-15.userapi.com/impg/vwRz1Phn9vi4dkko3Wt3oPJ4kZDhOeK48ZSeEQ/dGH7B2PDlyA.jpg?size=1024x782&quality=95&sign=99a6c0e32bccdfd069284cefbd84600e&type=album	\N	5
17	https://www.tulazoo.ru/images/animals/Imperator%20udav/impe2.jpg	\N	6
18	https://st29.stblizko.ru/images/product/373/750/341_big.jpg	\N	7
19	https://kazzoobotsad.ru/upload/iblock/f64/5sjd992yplesk4awybllcnq6ty8iec7l.jpg	\N	8
20	https://terrarium-online.com/wp-content/uploads/2022/12/1-153.jpg	\N	9
21	https://zooofoto.ru/foto/1790/molochnaia_zmeia_fioletovaia_foto_28.webp	\N	10
22	https://zoo-ekzo.ru/sites/default/files/images/epicrates_cenchria_cenchria.jpg	\N	11
23	https://terrarium-online.com/wp-content/uploads/2022/12/6-28.jpg	\N	9
\.


--
-- Data for Name: api_tag; Type: TABLE DATA; Schema: public; Owner: snakelab
--

COPY public.api_tag (id, name, color, created_at, updated_at) FROM stdin;
1	Хит продаж	#FF6B35	2026-01-01 00:00:00+00	2026-01-01 00:00:00+00
2	Новинка	#4CAF50	2026-01-01 00:00:00+00	2026-01-01 00:00:00+00
3	Редкий вид	#9C27B0	2026-01-01 00:00:00+00	2026-01-01 00:00:00+00
4	Осталось мало	#F44336	2026-01-01 00:00:00+00	2026-01-01 00:00:00+00
\.


--
-- Data for Name: api_terrarium; Type: TABLE DATA; Schema: public; Owner: snakelab
--

COPY public.api_terrarium (id, name, slug, description, price, quantity, length_cm, width_cm, height_cm, material, is_active, views_count, sku, created_at, updated_at, tag_id, category_id) FROM stdin;
1	TerraBase 60 Тропик	terrabase-60-tropik	Компактный стеклянный террариум для небольших тропических видов. Передние раздвижные дверцы, вентиляционная сетка сверху и снизу. Подходит для маисовых полозов, молочных змей и небольших удавов.	35000	12	60	40	40	Стекло	t	0	TER-001	2026-01-01 00:00:00+00	2026-01-01 00:00:00+00	\N	1
3	TerraBase 120 Тропик Pro	terrabase-120-tropik-pro	Профессиональный большой террариум для крупных тропических видов. Двойные вентилируемые дверцы, боковые отверстия под провода и трубки. Идеален для императорских удавов, крупных питонов.	115000	4	120	60	60	Стекло	t	0	TER-003	2026-01-01 00:00:00+00	2026-01-01 00:00:00+00	\N	1
4	DesertBox 60	desertbox-60	Лёгкий пластиковый террариум для пустынных и степных видов. Матовые боковые стенки снижают стресс животного, глубокий поддон удерживает песчаный субстрат. Подходит для свиноносых ужей, полозов и мелких сцинков.	22000	15	60	40	30	Пластик	t	0	TER-004	2026-01-01 00:00:00+00	2026-01-01 00:00:00+00	\N	2
5	DesertBox 90 Plus	desertbox-90-plus	Просторный пустынный террариум с двойной вентиляцией и специальным выходом под нагревательный кабель. Рассчитан на средних и крупных пустынных видов — техасских полозов и королевских змей.	48000	6	90	45	35	Пластик	t	0	TER-005	2026-01-01 00:00:00+00	2026-01-01 00:00:00+00	\N	2
7	ArboReal 60 Vertical Pro	arboreal-60-vertical-pro	Профессиональный вертикальный террариум для взрослых древесных видов. Алюминиевый каркас и усиленное стекло. Передние двустворчатые дверцы открываются снизу — безопасно при открытии с животным внутри. Незаменим для зелёных питонов.	98000	3	60	60	100	Стекло + алюминий	t	0	TER-007	2026-01-01 00:00:00+00	2026-01-01 00:00:00+00	3	3
10	TerraBase 150 Maxi	terrabase-150-maxi	Флагманская модель для крупных удавов и питонов. Сверхпрочное стекло 8 мм, стальной замковый механизм, два смотровых окна на торцах. Вмещает животных длиной до 3 метров.	230000	2	150	70	70	Стекло 8мм + сталь	t	0	TER-010	2026-01-01 00:00:00+00	2026-01-01 00:00:00+00	3	1
6	ArboReal 50 Vertical	arboreal-50-vertical	Вертикальный стеклянный террариум для небольших древесных видов. Высокий корпус позволяет разместить ветви и лианы. Широкие вентиляционные панели поддерживают циркуляцию воздуха. Подходит для молодых зелёных питонов и куфий.	55000	7	50	50	80	Стекло	t	2	TER-006	2026-01-01 00:00:00+00	2026-01-01 00:00:00+00	2	3
2	TerraBase 90 Тропик	terrabase-90-tropik	Просторный стеклянный террариум для средних тропических видов. Усиленные дверцы с замком, глубокий поддон для влажного субстрата. Отлично подходит для королевских питонов и императорских удавов.	65000	8	90	45	45	Стекло	t	6	TER-002	2026-01-01 00:00:00+00	2026-01-01 00:00:00+00	1	1
9	AquaTerra 100 Pro	aquaterra-100-pro	Большой профессиональный акватеррариум с мощным встроенным фильтром и регулируемой перегородкой водной зоны. Подходит для крупных полуводных видов. Стекло 6 мм с силиконовым уплотнением.	145000	2	100	50	50	Стекло 6мм	t	2	TER-009	2026-01-01 00:00:00+00	2026-01-01 00:00:00+00	3	4
8	AquaTerra 80	aquaterra-80	Акватеррариум с раздельными водной и сухопутной зонами. Встроенный водяной фильтр и герметичная водная часть. Идеален для водяных ужей и красноухих черепах.	85000	5	80	40	40	Стекло	t	4	TER-008	2026-01-01 00:00:00+00	2026-01-01 00:00:00+00	2	4
\.


--
-- Data for Name: api_terrariumcategory; Type: TABLE DATA; Schema: public; Owner: snakelab
--

COPY public.api_terrariumcategory (id, name, slug, description, created_at, updated_at, tag_id) FROM stdin;
1	Тропический	tropicheskiy	Террариумы для влажных тропических видов. Высокая влажность, густая растительность и тёмные укрытия — идеальная среда для питонов, удавов и древесных змей.	2026-01-01 00:00:00+00	2026-01-01 00:00:00+00	1
2	Пустынный	pustynnyy	Сухие открытые террариумы с песчаным субстратом и укрытиями для засушливых видов. Оптимальны для сухопутных черепах, сцинков и полозов из аридных регионов.	2026-01-01 00:00:00+00	2026-01-01 00:00:00+00	\N
3	Вертикальный	vertikalnyy	Высокие террариумы для древесных видов: зелёных питонов, хамелеонов и квакш. Обеспечивают пространство для лазания и вертикального зонирования.	2026-01-01 00:00:00+00	2026-01-01 00:00:00+00	3
4	Акватеррариум	akvatararium	Комбинированные водно-сухопутные террариумы для полуводных видов. Идеальны для водяных ужей, черепах и квакш.	2026-01-01 00:00:00+00	2026-01-01 00:00:00+00	2
\.


--
-- Data for Name: api_terrariumimage; Type: TABLE DATA; Schema: public; Owner: snakelab
--

COPY public.api_terrariumimage (id, image_url, terrarium_id) FROM stdin;
\.


--
-- Data for Name: api_user; Type: TABLE DATA; Schema: public; Owner: snakelab
--

COPY public.api_user (id, password, last_login, is_superuser, email, first_name, last_name, phone, role, is_active, is_staff, is_verified, created_at, updated_at) FROM stdin;
1	pbkdf2_sha256$1200000$1C4L7yVNAPdReLhCHXBSdF$SQOSoGLLtUBTsqELS+hgOWkrEn3twuC5d2aj+3GG0Fo=	2026-05-20 19:27:06.418752+00	t	Nyaha@gmail.com				user	t	t	f	2026-05-04 08:28:19.88843+00	2026-05-04 08:28:19.888439+00
4	!cDuELs7rtO1AFguFRhsU3mCtTo59Fcvfto5EHHHO	\N	f	pikalovegor0@gmail.com	Limon			user	t	f	t	2026-05-28 13:07:23.656429+00	2026-05-28 13:07:23.656439+00
2	pbkdf2_sha256$1200000$TumEQmwAaJnZkSGOnejv5I$5By1gsXajfsHE3tyHvH4F88GyCnbkRAxrlZQn/A+Qhw=	\N	f	Simptom@gmail.com	Егор	Пикалов	+79286235653	admin	t	f	f	2026-05-05 07:34:11.002743+00	2026-05-28 13:13:12.118109+00
5	!9BE6bRgy1IUAjAqM3OVgu7T8Rpo0tVm2xrf42hjf	\N	f	egorpikalov569@gmail.com	Limdes			user	t	f	t	2026-05-28 15:17:23.803178+00	2026-05-28 15:17:23.803184+00
3	pbkdf2_sha256$1200000$lXlEAjIhSWdZBzns7Rk8uY$3CX1KGVEOIKa+2pKqeROh6KHG2+sbXSsghbTesIXrZ8=	\N	f	test@test.com	Test	User	+79001234567	admin	t	f	f	2026-05-21 08:20:44.246921+00	2026-05-28 15:20:45.323712+00
\.


--
-- Data for Name: api_user_groups; Type: TABLE DATA; Schema: public; Owner: snakelab
--

COPY public.api_user_groups (id, user_id, group_id) FROM stdin;
\.


--
-- Data for Name: api_user_user_permissions; Type: TABLE DATA; Schema: public; Owner: snakelab
--

COPY public.api_user_user_permissions (id, user_id, permission_id) FROM stdin;
\.


--
-- Data for Name: api_useradress; Type: TABLE DATA; Schema: public; Owner: snakelab
--

COPY public.api_useradress (id, country, city, street, house, apartment, postal_code, is_default, created_at, updated_at, user_id) FROM stdin;
9	Россия	Красный Сулин2.0	Вербенская	43	\N	346352	f	2026-05-28 15:14:54.671745+00	2026-05-28 15:14:57.602864+00	2
5	Казахстан	Красный Сулин	Вербенская	43	\N	346352	t	2026-05-21 08:22:23.914631+00	2026-05-28 15:14:58.975419+00	2
\.


--
-- Data for Name: api_usercart; Type: TABLE DATA; Schema: public; Owner: snakelab
--

COPY public.api_usercart (id, created_at, updated_at, user_id) FROM stdin;
1	2026-05-20 19:12:00.579801+00	2026-05-20 19:12:00.57982+00	2
2	2026-05-21 10:15:30.708609+00	2026-05-21 10:15:30.708622+00	1
3	2026-05-28 13:07:24.039327+00	2026-05-28 13:07:24.039337+00	4
4	2026-05-28 15:17:24.104512+00	2026-05-28 15:17:24.104522+00	5
\.


--
-- Data for Name: auth_group; Type: TABLE DATA; Schema: public; Owner: snakelab
--

COPY public.auth_group (id, name) FROM stdin;
\.


--
-- Data for Name: auth_group_permissions; Type: TABLE DATA; Schema: public; Owner: snakelab
--

COPY public.auth_group_permissions (id, group_id, permission_id) FROM stdin;
\.


--
-- Data for Name: auth_permission; Type: TABLE DATA; Schema: public; Owner: snakelab
--

COPY public.auth_permission (id, name, content_type_id, codename) FROM stdin;
1	Can add log entry	1	add_logentry
2	Can change log entry	1	change_logentry
3	Can delete log entry	1	delete_logentry
4	Can view log entry	1	view_logentry
5	Can add permission	3	add_permission
6	Can change permission	3	change_permission
7	Can delete permission	3	delete_permission
8	Can view permission	3	view_permission
9	Can add group	2	add_group
10	Can change group	2	change_group
11	Can delete group	2	delete_group
12	Can view group	2	view_group
13	Can add content type	4	add_contenttype
14	Can change content type	4	change_contenttype
15	Can delete content type	4	delete_contenttype
16	Can view content type	4	view_contenttype
17	Can add session	5	add_session
18	Can change session	5	change_session
19	Can delete session	5	delete_session
20	Can view session	5	view_session
21	Can add difficulty level	7	add_difficultylevel
22	Can change difficulty level	7	change_difficultylevel
23	Can delete difficulty level	7	delete_difficultylevel
24	Can view difficulty level	7	view_difficultylevel
25	Can add snake category	10	add_snakecategory
26	Can change snake category	10	change_snakecategory
27	Can delete snake category	10	delete_snakecategory
28	Can view snake category	10	view_snakecategory
29	Can add tag	13	add_tag
30	Can change tag	13	change_tag
31	Can delete tag	13	delete_tag
32	Can view tag	13	view_tag
33	Can add user	14	add_user
34	Can change user	14	change_user
35	Can delete user	14	delete_user
36	Can view user	14	view_user
37	Can add snake	9	add_snake
38	Can change snake	9	change_snake
39	Can delete snake	9	delete_snake
40	Can view snake	9	view_snake
41	Can add morph	8	add_morph
42	Can change morph	8	change_morph
43	Can delete morph	8	delete_morph
44	Can view morph	8	view_morph
45	Can add snake characteristic	11	add_snakecharacteristic
46	Can change snake characteristic	11	change_snakecharacteristic
47	Can delete snake characteristic	11	delete_snakecharacteristic
48	Can view snake characteristic	11	view_snakecharacteristic
49	Can add snake image	12	add_snakeimage
50	Can change snake image	12	change_snakeimage
51	Can delete snake image	12	delete_snakeimage
52	Can view snake image	12	view_snakeimage
53	Can add user adress	15	add_useradress
54	Can change user adress	15	change_useradress
55	Can delete user adress	15	delete_useradress
56	Can view user adress	15	view_useradress
57	Can add user cart	16	add_usercart
58	Can change user cart	16	change_usercart
59	Can delete user cart	16	delete_usercart
60	Can view user cart	16	view_usercart
61	Can add cart item	6	add_cartitem
62	Can change cart item	6	change_cartitem
63	Can delete cart item	6	delete_cartitem
64	Can view cart item	6	view_cartitem
65	Can add promo code	17	add_promocode
66	Can change promo code	17	change_promocode
67	Can delete promo code	17	delete_promocode
68	Can view promo code	17	view_promocode
69	Can add terrarium	18	add_terrarium
70	Can change terrarium	18	change_terrarium
71	Can delete terrarium	18	delete_terrarium
72	Can view terrarium	18	view_terrarium
73	Can add terrarium category	19	add_terrariumcategory
74	Can change terrarium category	19	change_terrariumcategory
75	Can delete terrarium category	19	delete_terrariumcategory
76	Can view terrarium category	19	view_terrariumcategory
77	Can add terrarium image	20	add_terrariumimage
78	Can change terrarium image	20	change_terrariumimage
79	Can delete terrarium image	20	delete_terrariumimage
80	Can view terrarium image	20	view_terrariumimage
81	Can add food image	23	add_foodimage
82	Can change food image	23	change_foodimage
83	Can delete food image	23	delete_foodimage
84	Can view food image	23	view_foodimage
85	Can add food category	22	add_foodcategory
86	Can change food category	22	change_foodcategory
87	Can delete food category	22	delete_foodcategory
88	Can view food category	22	view_foodcategory
89	Can add food	21	add_food
90	Can change food	21	change_food
91	Can delete food	21	delete_food
92	Can view food	21	view_food
93	Can add order	24	add_order
94	Can change order	24	change_order
95	Can delete order	24	delete_order
96	Can view order	24	view_order
97	Can add order item	25	add_orderitem
98	Can change order item	25	change_orderitem
99	Can delete order item	25	delete_orderitem
100	Can view order item	25	view_orderitem
\.


--
-- Data for Name: django_admin_log; Type: TABLE DATA; Schema: public; Owner: snakelab
--

COPY public.django_admin_log (id, action_time, object_id, object_repr, action_flag, change_message, content_type_id, user_id) FROM stdin;
1	2026-05-04 08:29:01.324839+00	1	SnakeCategory object (1)	1	[{"added": {}}]	10	1
2	2026-05-04 08:31:05.074804+00	1	SnakeCategory object (1)	3		10	1
3	2026-05-05 06:33:16.727161+00	11	SnakeImage object (11)	3		12	1
4	2026-05-05 06:33:16.727193+00	10	SnakeImage object (10)	3		12	1
5	2026-05-05 06:33:16.727208+00	9	SnakeImage object (9)	3		12	1
6	2026-05-05 06:33:16.727219+00	8	SnakeImage object (8)	3		12	1
7	2026-05-05 06:33:16.72723+00	7	SnakeImage object (7)	3		12	1
8	2026-05-05 06:33:16.727241+00	6	SnakeImage object (6)	3		12	1
9	2026-05-05 06:33:16.72725+00	5	SnakeImage object (5)	3		12	1
10	2026-05-05 06:33:16.72726+00	4	SnakeImage object (4)	3		12	1
11	2026-05-05 06:33:16.727279+00	3	SnakeImage object (3)	3		12	1
12	2026-05-05 06:33:16.727289+00	2	SnakeImage object (2)	3		12	1
13	2026-05-05 06:33:16.727299+00	1	SnakeImage object (1)	3		12	1
14	2026-05-05 06:34:02.001182+00	12	SnakeImage object (12)	1	[{"added": {}}]	12	1
15	2026-05-05 06:34:04.181167+00	12	SnakeImage object (12)	2	[]	12	1
16	2026-05-05 06:34:29.247175+00	13	SnakeImage object (13)	1	[{"added": {}}]	12	1
17	2026-05-05 06:35:01.470243+00	14	SnakeImage object (14)	1	[{"added": {}}]	12	1
18	2026-05-05 06:35:28.600042+00	15	SnakeImage object (15)	1	[{"added": {}}]	12	1
19	2026-05-05 06:35:56.271435+00	16	SnakeImage object (16)	1	[{"added": {}}]	12	1
20	2026-05-05 06:36:24.842855+00	17	SnakeImage object (17)	1	[{"added": {}}]	12	1
21	2026-05-05 06:37:08.447626+00	18	SnakeImage object (18)	1	[{"added": {}}]	12	1
22	2026-05-05 06:37:40.179274+00	19	SnakeImage object (19)	1	[{"added": {}}]	12	1
23	2026-05-05 06:38:07.254584+00	20	SnakeImage object (20)	1	[{"added": {}}]	12	1
24	2026-05-05 06:38:42.120549+00	21	SnakeImage object (21)	1	[{"added": {}}]	12	1
25	2026-05-05 06:39:24.69461+00	22	SnakeImage object (22)	1	[{"added": {}}]	12	1
26	2026-05-20 20:58:22.267163+00	1	NYAHA123	1	[{"added": {}}]	17	1
27	2026-05-21 08:22:15.740126+00	4	UserAdress object (4)	3		15	1
28	2026-05-21 08:22:15.740161+00	3	UserAdress object (3)	3		15	1
29	2026-05-21 08:22:15.740173+00	2	UserAdress object (2)	3		15	1
30	2026-05-21 08:22:15.740184+00	1	UserAdress object (1)	3		15	1
31	2026-05-21 08:25:27.152141+00	8	UserAdress object (8)	3		15	1
32	2026-05-28 12:49:47.420389+00	1	Order #1 — Simptom@gmail.com (confirmed)	2	[{"changed": {"fields": ["Status"]}}]	24	1
33	2026-05-28 12:49:57.457304+00	1	Order #1 — Simptom@gmail.com (confirmed)	2	[{"changed": {"fields": ["Promo code"]}}]	24	1
34	2026-05-28 13:13:12.12113+00	2	Simptom@gmail.com	2	[{"changed": {"fields": ["Role"]}}]	14	1
35	2026-05-28 15:06:53.299832+00	23	SnakeImage object (23)	1	[{"added": {}}]	12	1
\.


--
-- Data for Name: django_content_type; Type: TABLE DATA; Schema: public; Owner: snakelab
--

COPY public.django_content_type (id, app_label, model) FROM stdin;
1	admin	logentry
2	auth	group
3	auth	permission
4	contenttypes	contenttype
5	sessions	session
6	api	cartitem
7	api	difficultylevel
8	api	morph
9	api	snake
10	api	snakecategory
11	api	snakecharacteristic
12	api	snakeimage
13	api	tag
14	api	user
15	api	useradress
16	api	usercart
17	api	promocode
18	api	terrarium
19	api	terrariumcategory
20	api	terrariumimage
21	api	food
22	api	foodcategory
23	api	foodimage
24	api	order
25	api	orderitem
\.


--
-- Data for Name: django_migrations; Type: TABLE DATA; Schema: public; Owner: snakelab
--

COPY public.django_migrations (id, app, name, applied) FROM stdin;
1	contenttypes	0001_initial	2026-05-04 08:27:34.136315+00
2	contenttypes	0002_remove_content_type_name	2026-05-04 08:27:34.140567+00
3	auth	0001_initial	2026-05-04 08:27:34.156823+00
4	auth	0002_alter_permission_name_max_length	2026-05-04 08:27:34.160115+00
5	auth	0003_alter_user_email_max_length	2026-05-04 08:27:34.163043+00
6	auth	0004_alter_user_username_opts	2026-05-04 08:27:34.166319+00
7	auth	0005_alter_user_last_login_null	2026-05-04 08:27:34.169901+00
8	auth	0006_require_contenttypes_0002	2026-05-04 08:27:34.17077+00
9	auth	0007_alter_validators_add_error_messages	2026-05-04 08:27:34.173446+00
10	auth	0008_alter_user_username_max_length	2026-05-04 08:27:34.176375+00
11	auth	0009_alter_user_last_name_max_length	2026-05-04 08:27:34.180263+00
12	auth	0010_alter_group_name_max_length	2026-05-04 08:27:34.184563+00
13	auth	0011_update_proxy_permissions	2026-05-04 08:27:34.187774+00
14	auth	0012_alter_user_first_name_max_length	2026-05-04 08:27:34.190926+00
15	api	0001_initial	2026-05-04 08:27:34.284626+00
16	admin	0001_initial	2026-05-04 08:27:34.300987+00
17	admin	0002_logentry_remove_auto_add	2026-05-04 08:27:34.307344+00
18	admin	0003_logentry_add_action_flag_choices	2026-05-04 08:27:34.313439+00
19	sessions	0001_initial	2026-05-04 08:27:34.318807+00
20	api	0002_alter_morph_color	2026-05-04 08:45:11.610363+00
21	api	0003_alter_cartitem	2026-05-20 19:08:50.080949+00
22	api	0004_promocode	2026-05-20 20:52:04.651347+00
23	api	0005_terrarium_cartitem_terrarium_terrariumcategory_and_more	2026-05-28 07:30:19.794744+00
24	api	0006_food_cartitem_food_foodcategory_food_category_and_more	2026-05-28 07:58:02.048437+00
25	api	0007_order_orderitem	2026-05-28 12:48:54.169461+00
26	api	0008_order_payment_method	2026-05-28 12:48:54.186763+00
\.


--
-- Data for Name: django_session; Type: TABLE DATA; Schema: public; Owner: snakelab
--

COPY public.django_session (session_key, session_data, expire_date) FROM stdin;
fttkpx1svop4anhzcdcs77bvokeffd3h	.eJxVjMEOwiAQBf-FsyGwLFA8evcbCCwgVQNJaU_Gf9cmPej1zcx7MR-2tfpt5MXPiZ2ZZKffLQZ65LaDdA_t1jn1ti5z5LvCDzr4taf8vBzu30ENo37raCRNJmkrQGYpnCsQSWgsqoDRUQMpax0l5yAQoUatMsCEGBGSNIq9P8bHNuA:1wJofB:joob62FL1wPTht7KRNIRx1QydvSYp8rnYS1-BNdQfMw	2026-05-18 08:28:25.533386+00
134w9zy7qdquc6dneftgfef13f7gn8hg	.eJxVjMEOwiAQBf-FsyGwLFA8evcbCCwgVQNJaU_Gf9cmPej1zcx7MR-2tfpt5MXPiZ2ZZKffLQZ65LaDdA_t1jn1ti5z5LvCDzr4taf8vBzu30ENo37raCRNJmkrQGYpnCsQSWgsqoDRUQMpax0l5yAQoUatMsCEGBGSNIq9P8bHNuA:1wPmZO:KJc4AjWjhzCA3lVpoYvCUZVY1gQgxwjZOPa1Dqwjc8c	2026-06-03 19:27:06.420225+00
\.


--
-- Name: api_cartitem_id_seq; Type: SEQUENCE SET; Schema: public; Owner: snakelab
--

SELECT pg_catalog.setval('public.api_cartitem_id_seq', 15, true);


--
-- Name: api_difficultylevel_id_seq; Type: SEQUENCE SET; Schema: public; Owner: snakelab
--

SELECT pg_catalog.setval('public.api_difficultylevel_id_seq', 3, true);


--
-- Name: api_food_id_seq; Type: SEQUENCE SET; Schema: public; Owner: snakelab
--

SELECT pg_catalog.setval('public.api_food_id_seq', 13, true);


--
-- Name: api_foodcategory_id_seq; Type: SEQUENCE SET; Schema: public; Owner: snakelab
--

SELECT pg_catalog.setval('public.api_foodcategory_id_seq', 4, true);


--
-- Name: api_foodimage_id_seq; Type: SEQUENCE SET; Schema: public; Owner: snakelab
--

SELECT pg_catalog.setval('public.api_foodimage_id_seq', 1, false);


--
-- Name: api_morph_id_seq; Type: SEQUENCE SET; Schema: public; Owner: snakelab
--

SELECT pg_catalog.setval('public.api_morph_id_seq', 12, true);


--
-- Name: api_order_id_seq; Type: SEQUENCE SET; Schema: public; Owner: snakelab
--

SELECT pg_catalog.setval('public.api_order_id_seq', 6, true);


--
-- Name: api_orderitem_id_seq; Type: SEQUENCE SET; Schema: public; Owner: snakelab
--

SELECT pg_catalog.setval('public.api_orderitem_id_seq', 10, true);


--
-- Name: api_promocode_id_seq; Type: SEQUENCE SET; Schema: public; Owner: snakelab
--

SELECT pg_catalog.setval('public.api_promocode_id_seq', 1, true);


--
-- Name: api_snake_id_seq; Type: SEQUENCE SET; Schema: public; Owner: snakelab
--

SELECT pg_catalog.setval('public.api_snake_id_seq', 11, true);


--
-- Name: api_snakecategory_id_seq; Type: SEQUENCE SET; Schema: public; Owner: snakelab
--

SELECT pg_catalog.setval('public.api_snakecategory_id_seq', 10, true);


--
-- Name: api_snakecharacteristic_id_seq; Type: SEQUENCE SET; Schema: public; Owner: snakelab
--

SELECT pg_catalog.setval('public.api_snakecharacteristic_id_seq', 11, true);


--
-- Name: api_snakeimage_id_seq; Type: SEQUENCE SET; Schema: public; Owner: snakelab
--

SELECT pg_catalog.setval('public.api_snakeimage_id_seq', 23, true);


--
-- Name: api_tag_id_seq; Type: SEQUENCE SET; Schema: public; Owner: snakelab
--

SELECT pg_catalog.setval('public.api_tag_id_seq', 4, true);


--
-- Name: api_terrarium_id_seq; Type: SEQUENCE SET; Schema: public; Owner: snakelab
--

SELECT pg_catalog.setval('public.api_terrarium_id_seq', 10, true);


--
-- Name: api_terrariumcategory_id_seq; Type: SEQUENCE SET; Schema: public; Owner: snakelab
--

SELECT pg_catalog.setval('public.api_terrariumcategory_id_seq', 4, true);


--
-- Name: api_terrariumimage_id_seq; Type: SEQUENCE SET; Schema: public; Owner: snakelab
--

SELECT pg_catalog.setval('public.api_terrariumimage_id_seq', 1, false);


--
-- Name: api_user_groups_id_seq; Type: SEQUENCE SET; Schema: public; Owner: snakelab
--

SELECT pg_catalog.setval('public.api_user_groups_id_seq', 1, false);


--
-- Name: api_user_id_seq; Type: SEQUENCE SET; Schema: public; Owner: snakelab
--

SELECT pg_catalog.setval('public.api_user_id_seq', 5, true);


--
-- Name: api_user_user_permissions_id_seq; Type: SEQUENCE SET; Schema: public; Owner: snakelab
--

SELECT pg_catalog.setval('public.api_user_user_permissions_id_seq', 1, false);


--
-- Name: api_useradress_id_seq; Type: SEQUENCE SET; Schema: public; Owner: snakelab
--

SELECT pg_catalog.setval('public.api_useradress_id_seq', 9, true);


--
-- Name: api_usercart_id_seq; Type: SEQUENCE SET; Schema: public; Owner: snakelab
--

SELECT pg_catalog.setval('public.api_usercart_id_seq', 4, true);


--
-- Name: auth_group_id_seq; Type: SEQUENCE SET; Schema: public; Owner: snakelab
--

SELECT pg_catalog.setval('public.auth_group_id_seq', 1, false);


--
-- Name: auth_group_permissions_id_seq; Type: SEQUENCE SET; Schema: public; Owner: snakelab
--

SELECT pg_catalog.setval('public.auth_group_permissions_id_seq', 1, false);


--
-- Name: auth_permission_id_seq; Type: SEQUENCE SET; Schema: public; Owner: snakelab
--

SELECT pg_catalog.setval('public.auth_permission_id_seq', 100, true);


--
-- Name: django_admin_log_id_seq; Type: SEQUENCE SET; Schema: public; Owner: snakelab
--

SELECT pg_catalog.setval('public.django_admin_log_id_seq', 35, true);


--
-- Name: django_content_type_id_seq; Type: SEQUENCE SET; Schema: public; Owner: snakelab
--

SELECT pg_catalog.setval('public.django_content_type_id_seq', 25, true);


--
-- Name: django_migrations_id_seq; Type: SEQUENCE SET; Schema: public; Owner: snakelab
--

SELECT pg_catalog.setval('public.django_migrations_id_seq', 26, true);


--
-- Name: api_cartitem api_cartitem_pkey; Type: CONSTRAINT; Schema: public; Owner: snakelab
--

ALTER TABLE ONLY public.api_cartitem
    ADD CONSTRAINT api_cartitem_pkey PRIMARY KEY (id);


--
-- Name: api_difficultylevel api_difficultylevel_pkey; Type: CONSTRAINT; Schema: public; Owner: snakelab
--

ALTER TABLE ONLY public.api_difficultylevel
    ADD CONSTRAINT api_difficultylevel_pkey PRIMARY KEY (id);


--
-- Name: api_difficultylevel api_difficultylevel_stars_key; Type: CONSTRAINT; Schema: public; Owner: snakelab
--

ALTER TABLE ONLY public.api_difficultylevel
    ADD CONSTRAINT api_difficultylevel_stars_key UNIQUE (stars);


--
-- Name: api_food api_food_pkey; Type: CONSTRAINT; Schema: public; Owner: snakelab
--

ALTER TABLE ONLY public.api_food
    ADD CONSTRAINT api_food_pkey PRIMARY KEY (id);


--
-- Name: api_food api_food_sku_key; Type: CONSTRAINT; Schema: public; Owner: snakelab
--

ALTER TABLE ONLY public.api_food
    ADD CONSTRAINT api_food_sku_key UNIQUE (sku);


--
-- Name: api_foodcategory api_foodcategory_pkey; Type: CONSTRAINT; Schema: public; Owner: snakelab
--

ALTER TABLE ONLY public.api_foodcategory
    ADD CONSTRAINT api_foodcategory_pkey PRIMARY KEY (id);


--
-- Name: api_foodimage api_foodimage_pkey; Type: CONSTRAINT; Schema: public; Owner: snakelab
--

ALTER TABLE ONLY public.api_foodimage
    ADD CONSTRAINT api_foodimage_pkey PRIMARY KEY (id);


--
-- Name: api_morph api_morph_pkey; Type: CONSTRAINT; Schema: public; Owner: snakelab
--

ALTER TABLE ONLY public.api_morph
    ADD CONSTRAINT api_morph_pkey PRIMARY KEY (id);


--
-- Name: api_order api_order_pkey; Type: CONSTRAINT; Schema: public; Owner: snakelab
--

ALTER TABLE ONLY public.api_order
    ADD CONSTRAINT api_order_pkey PRIMARY KEY (id);


--
-- Name: api_orderitem api_orderitem_pkey; Type: CONSTRAINT; Schema: public; Owner: snakelab
--

ALTER TABLE ONLY public.api_orderitem
    ADD CONSTRAINT api_orderitem_pkey PRIMARY KEY (id);


--
-- Name: api_promocode api_promocode_code_key; Type: CONSTRAINT; Schema: public; Owner: snakelab
--

ALTER TABLE ONLY public.api_promocode
    ADD CONSTRAINT api_promocode_code_key UNIQUE (code);


--
-- Name: api_promocode api_promocode_pkey; Type: CONSTRAINT; Schema: public; Owner: snakelab
--

ALTER TABLE ONLY public.api_promocode
    ADD CONSTRAINT api_promocode_pkey PRIMARY KEY (id);


--
-- Name: api_snake api_snake_pkey; Type: CONSTRAINT; Schema: public; Owner: snakelab
--

ALTER TABLE ONLY public.api_snake
    ADD CONSTRAINT api_snake_pkey PRIMARY KEY (id);


--
-- Name: api_snake api_snake_sku_key; Type: CONSTRAINT; Schema: public; Owner: snakelab
--

ALTER TABLE ONLY public.api_snake
    ADD CONSTRAINT api_snake_sku_key UNIQUE (sku);


--
-- Name: api_snakecategory api_snakecategory_pkey; Type: CONSTRAINT; Schema: public; Owner: snakelab
--

ALTER TABLE ONLY public.api_snakecategory
    ADD CONSTRAINT api_snakecategory_pkey PRIMARY KEY (id);


--
-- Name: api_snakecharacteristic api_snakecharacteristic_pkey; Type: CONSTRAINT; Schema: public; Owner: snakelab
--

ALTER TABLE ONLY public.api_snakecharacteristic
    ADD CONSTRAINT api_snakecharacteristic_pkey PRIMARY KEY (id);


--
-- Name: api_snakecharacteristic api_snakecharacteristic_snake_id_key; Type: CONSTRAINT; Schema: public; Owner: snakelab
--

ALTER TABLE ONLY public.api_snakecharacteristic
    ADD CONSTRAINT api_snakecharacteristic_snake_id_key UNIQUE (snake_id);


--
-- Name: api_snakeimage api_snakeimage_pkey; Type: CONSTRAINT; Schema: public; Owner: snakelab
--

ALTER TABLE ONLY public.api_snakeimage
    ADD CONSTRAINT api_snakeimage_pkey PRIMARY KEY (id);


--
-- Name: api_tag api_tag_pkey; Type: CONSTRAINT; Schema: public; Owner: snakelab
--

ALTER TABLE ONLY public.api_tag
    ADD CONSTRAINT api_tag_pkey PRIMARY KEY (id);


--
-- Name: api_terrarium api_terrarium_pkey; Type: CONSTRAINT; Schema: public; Owner: snakelab
--

ALTER TABLE ONLY public.api_terrarium
    ADD CONSTRAINT api_terrarium_pkey PRIMARY KEY (id);


--
-- Name: api_terrarium api_terrarium_sku_key; Type: CONSTRAINT; Schema: public; Owner: snakelab
--

ALTER TABLE ONLY public.api_terrarium
    ADD CONSTRAINT api_terrarium_sku_key UNIQUE (sku);


--
-- Name: api_terrariumcategory api_terrariumcategory_pkey; Type: CONSTRAINT; Schema: public; Owner: snakelab
--

ALTER TABLE ONLY public.api_terrariumcategory
    ADD CONSTRAINT api_terrariumcategory_pkey PRIMARY KEY (id);


--
-- Name: api_terrariumimage api_terrariumimage_pkey; Type: CONSTRAINT; Schema: public; Owner: snakelab
--

ALTER TABLE ONLY public.api_terrariumimage
    ADD CONSTRAINT api_terrariumimage_pkey PRIMARY KEY (id);


--
-- Name: api_user api_user_email_key; Type: CONSTRAINT; Schema: public; Owner: snakelab
--

ALTER TABLE ONLY public.api_user
    ADD CONSTRAINT api_user_email_key UNIQUE (email);


--
-- Name: api_user_groups api_user_groups_pkey; Type: CONSTRAINT; Schema: public; Owner: snakelab
--

ALTER TABLE ONLY public.api_user_groups
    ADD CONSTRAINT api_user_groups_pkey PRIMARY KEY (id);


--
-- Name: api_user_groups api_user_groups_user_id_group_id_9c7ddfb5_uniq; Type: CONSTRAINT; Schema: public; Owner: snakelab
--

ALTER TABLE ONLY public.api_user_groups
    ADD CONSTRAINT api_user_groups_user_id_group_id_9c7ddfb5_uniq UNIQUE (user_id, group_id);


--
-- Name: api_user api_user_pkey; Type: CONSTRAINT; Schema: public; Owner: snakelab
--

ALTER TABLE ONLY public.api_user
    ADD CONSTRAINT api_user_pkey PRIMARY KEY (id);


--
-- Name: api_user_user_permissions api_user_user_permissions_pkey; Type: CONSTRAINT; Schema: public; Owner: snakelab
--

ALTER TABLE ONLY public.api_user_user_permissions
    ADD CONSTRAINT api_user_user_permissions_pkey PRIMARY KEY (id);


--
-- Name: api_user_user_permissions api_user_user_permissions_user_id_permission_id_a06dd704_uniq; Type: CONSTRAINT; Schema: public; Owner: snakelab
--

ALTER TABLE ONLY public.api_user_user_permissions
    ADD CONSTRAINT api_user_user_permissions_user_id_permission_id_a06dd704_uniq UNIQUE (user_id, permission_id);


--
-- Name: api_useradress api_useradress_pkey; Type: CONSTRAINT; Schema: public; Owner: snakelab
--

ALTER TABLE ONLY public.api_useradress
    ADD CONSTRAINT api_useradress_pkey PRIMARY KEY (id);


--
-- Name: api_usercart api_usercart_pkey; Type: CONSTRAINT; Schema: public; Owner: snakelab
--

ALTER TABLE ONLY public.api_usercart
    ADD CONSTRAINT api_usercart_pkey PRIMARY KEY (id);


--
-- Name: api_usercart api_usercart_user_id_key; Type: CONSTRAINT; Schema: public; Owner: snakelab
--

ALTER TABLE ONLY public.api_usercart
    ADD CONSTRAINT api_usercart_user_id_key UNIQUE (user_id);


--
-- Name: auth_group auth_group_name_key; Type: CONSTRAINT; Schema: public; Owner: snakelab
--

ALTER TABLE ONLY public.auth_group
    ADD CONSTRAINT auth_group_name_key UNIQUE (name);


--
-- Name: auth_group_permissions auth_group_permissions_group_id_permission_id_0cd325b0_uniq; Type: CONSTRAINT; Schema: public; Owner: snakelab
--

ALTER TABLE ONLY public.auth_group_permissions
    ADD CONSTRAINT auth_group_permissions_group_id_permission_id_0cd325b0_uniq UNIQUE (group_id, permission_id);


--
-- Name: auth_group_permissions auth_group_permissions_pkey; Type: CONSTRAINT; Schema: public; Owner: snakelab
--

ALTER TABLE ONLY public.auth_group_permissions
    ADD CONSTRAINT auth_group_permissions_pkey PRIMARY KEY (id);


--
-- Name: auth_group auth_group_pkey; Type: CONSTRAINT; Schema: public; Owner: snakelab
--

ALTER TABLE ONLY public.auth_group
    ADD CONSTRAINT auth_group_pkey PRIMARY KEY (id);


--
-- Name: auth_permission auth_permission_content_type_id_codename_01ab375a_uniq; Type: CONSTRAINT; Schema: public; Owner: snakelab
--

ALTER TABLE ONLY public.auth_permission
    ADD CONSTRAINT auth_permission_content_type_id_codename_01ab375a_uniq UNIQUE (content_type_id, codename);


--
-- Name: auth_permission auth_permission_pkey; Type: CONSTRAINT; Schema: public; Owner: snakelab
--

ALTER TABLE ONLY public.auth_permission
    ADD CONSTRAINT auth_permission_pkey PRIMARY KEY (id);


--
-- Name: django_admin_log django_admin_log_pkey; Type: CONSTRAINT; Schema: public; Owner: snakelab
--

ALTER TABLE ONLY public.django_admin_log
    ADD CONSTRAINT django_admin_log_pkey PRIMARY KEY (id);


--
-- Name: django_content_type django_content_type_app_label_model_76bd3d3b_uniq; Type: CONSTRAINT; Schema: public; Owner: snakelab
--

ALTER TABLE ONLY public.django_content_type
    ADD CONSTRAINT django_content_type_app_label_model_76bd3d3b_uniq UNIQUE (app_label, model);


--
-- Name: django_content_type django_content_type_pkey; Type: CONSTRAINT; Schema: public; Owner: snakelab
--

ALTER TABLE ONLY public.django_content_type
    ADD CONSTRAINT django_content_type_pkey PRIMARY KEY (id);


--
-- Name: django_migrations django_migrations_pkey; Type: CONSTRAINT; Schema: public; Owner: snakelab
--

ALTER TABLE ONLY public.django_migrations
    ADD CONSTRAINT django_migrations_pkey PRIMARY KEY (id);


--
-- Name: django_session django_session_pkey; Type: CONSTRAINT; Schema: public; Owner: snakelab
--

ALTER TABLE ONLY public.django_session
    ADD CONSTRAINT django_session_pkey PRIMARY KEY (session_key);


--
-- Name: api_cartitem_cart_id_26c2013b; Type: INDEX; Schema: public; Owner: snakelab
--

CREATE INDEX api_cartitem_cart_id_26c2013b ON public.api_cartitem USING btree (cart_id);


--
-- Name: api_cartitem_food_id_247f9466; Type: INDEX; Schema: public; Owner: snakelab
--

CREATE INDEX api_cartitem_food_id_247f9466 ON public.api_cartitem USING btree (food_id);


--
-- Name: api_cartitem_morph_id_6b6f6e56; Type: INDEX; Schema: public; Owner: snakelab
--

CREATE INDEX api_cartitem_morph_id_6b6f6e56 ON public.api_cartitem USING btree (morph_id);


--
-- Name: api_cartitem_snake_id_6e55bb88; Type: INDEX; Schema: public; Owner: snakelab
--

CREATE INDEX api_cartitem_snake_id_6e55bb88 ON public.api_cartitem USING btree (snake_id);


--
-- Name: api_cartitem_terrarium_id_cb04a1c6; Type: INDEX; Schema: public; Owner: snakelab
--

CREATE INDEX api_cartitem_terrarium_id_cb04a1c6 ON public.api_cartitem USING btree (terrarium_id);


--
-- Name: api_food_category_id_8181fadf; Type: INDEX; Schema: public; Owner: snakelab
--

CREATE INDEX api_food_category_id_8181fadf ON public.api_food USING btree (category_id);


--
-- Name: api_food_sku_3f7f36cc_like; Type: INDEX; Schema: public; Owner: snakelab
--

CREATE INDEX api_food_sku_3f7f36cc_like ON public.api_food USING btree (sku varchar_pattern_ops);


--
-- Name: api_food_tag_id_1115fa0c; Type: INDEX; Schema: public; Owner: snakelab
--

CREATE INDEX api_food_tag_id_1115fa0c ON public.api_food USING btree (tag_id);


--
-- Name: api_foodcategory_tag_id_47a32381; Type: INDEX; Schema: public; Owner: snakelab
--

CREATE INDEX api_foodcategory_tag_id_47a32381 ON public.api_foodcategory USING btree (tag_id);


--
-- Name: api_foodimage_food_id_b48937c4; Type: INDEX; Schema: public; Owner: snakelab
--

CREATE INDEX api_foodimage_food_id_b48937c4 ON public.api_foodimage USING btree (food_id);


--
-- Name: api_morph_snake_id_63b32f17; Type: INDEX; Schema: public; Owner: snakelab
--

CREATE INDEX api_morph_snake_id_63b32f17 ON public.api_morph USING btree (snake_id);


--
-- Name: api_order_address_id_089033c4; Type: INDEX; Schema: public; Owner: snakelab
--

CREATE INDEX api_order_address_id_089033c4 ON public.api_order USING btree (address_id);


--
-- Name: api_order_promo_code_id_ec493841; Type: INDEX; Schema: public; Owner: snakelab
--

CREATE INDEX api_order_promo_code_id_ec493841 ON public.api_order USING btree (promo_code_id);


--
-- Name: api_order_user_id_52781ff0; Type: INDEX; Schema: public; Owner: snakelab
--

CREATE INDEX api_order_user_id_52781ff0 ON public.api_order USING btree (user_id);


--
-- Name: api_orderitem_food_id_3f503500; Type: INDEX; Schema: public; Owner: snakelab
--

CREATE INDEX api_orderitem_food_id_3f503500 ON public.api_orderitem USING btree (food_id);


--
-- Name: api_orderitem_morph_id_5845f54e; Type: INDEX; Schema: public; Owner: snakelab
--

CREATE INDEX api_orderitem_morph_id_5845f54e ON public.api_orderitem USING btree (morph_id);


--
-- Name: api_orderitem_order_id_f9c0afc0; Type: INDEX; Schema: public; Owner: snakelab
--

CREATE INDEX api_orderitem_order_id_f9c0afc0 ON public.api_orderitem USING btree (order_id);


--
-- Name: api_orderitem_snake_id_ba147378; Type: INDEX; Schema: public; Owner: snakelab
--

CREATE INDEX api_orderitem_snake_id_ba147378 ON public.api_orderitem USING btree (snake_id);


--
-- Name: api_orderitem_terrarium_id_4ff1310d; Type: INDEX; Schema: public; Owner: snakelab
--

CREATE INDEX api_orderitem_terrarium_id_4ff1310d ON public.api_orderitem USING btree (terrarium_id);


--
-- Name: api_promocode_code_0206c467_like; Type: INDEX; Schema: public; Owner: snakelab
--

CREATE INDEX api_promocode_code_0206c467_like ON public.api_promocode USING btree (code varchar_pattern_ops);


--
-- Name: api_snake_category_id_3239872e; Type: INDEX; Schema: public; Owner: snakelab
--

CREATE INDEX api_snake_category_id_3239872e ON public.api_snake USING btree (category_id);


--
-- Name: api_snake_difficulty_level_id_0d3682f9; Type: INDEX; Schema: public; Owner: snakelab
--

CREATE INDEX api_snake_difficulty_level_id_0d3682f9 ON public.api_snake USING btree (difficulty_level_id);


--
-- Name: api_snake_sku_df079627_like; Type: INDEX; Schema: public; Owner: snakelab
--

CREATE INDEX api_snake_sku_df079627_like ON public.api_snake USING btree (sku varchar_pattern_ops);


--
-- Name: api_snake_tag_id_0da79e9f; Type: INDEX; Schema: public; Owner: snakelab
--

CREATE INDEX api_snake_tag_id_0da79e9f ON public.api_snake USING btree (tag_id);


--
-- Name: api_snakecategory_tag_id_b867cec0; Type: INDEX; Schema: public; Owner: snakelab
--

CREATE INDEX api_snakecategory_tag_id_b867cec0 ON public.api_snakecategory USING btree (tag_id);


--
-- Name: api_snakeimage_morph_id_41359c85; Type: INDEX; Schema: public; Owner: snakelab
--

CREATE INDEX api_snakeimage_morph_id_41359c85 ON public.api_snakeimage USING btree (morph_id);


--
-- Name: api_snakeimage_snake_id_af48f3d2; Type: INDEX; Schema: public; Owner: snakelab
--

CREATE INDEX api_snakeimage_snake_id_af48f3d2 ON public.api_snakeimage USING btree (snake_id);


--
-- Name: api_terrarium_category_id_bf826ca5; Type: INDEX; Schema: public; Owner: snakelab
--

CREATE INDEX api_terrarium_category_id_bf826ca5 ON public.api_terrarium USING btree (category_id);


--
-- Name: api_terrarium_sku_8ac2e4bf_like; Type: INDEX; Schema: public; Owner: snakelab
--

CREATE INDEX api_terrarium_sku_8ac2e4bf_like ON public.api_terrarium USING btree (sku varchar_pattern_ops);


--
-- Name: api_terrarium_tag_id_aa46f44a; Type: INDEX; Schema: public; Owner: snakelab
--

CREATE INDEX api_terrarium_tag_id_aa46f44a ON public.api_terrarium USING btree (tag_id);


--
-- Name: api_terrariumcategory_tag_id_619f3aa2; Type: INDEX; Schema: public; Owner: snakelab
--

CREATE INDEX api_terrariumcategory_tag_id_619f3aa2 ON public.api_terrariumcategory USING btree (tag_id);


--
-- Name: api_terrariumimage_terrarium_id_ff77be2f; Type: INDEX; Schema: public; Owner: snakelab
--

CREATE INDEX api_terrariumimage_terrarium_id_ff77be2f ON public.api_terrariumimage USING btree (terrarium_id);


--
-- Name: api_user_email_9ef5afa6_like; Type: INDEX; Schema: public; Owner: snakelab
--

CREATE INDEX api_user_email_9ef5afa6_like ON public.api_user USING btree (email varchar_pattern_ops);


--
-- Name: api_user_groups_group_id_3af85785; Type: INDEX; Schema: public; Owner: snakelab
--

CREATE INDEX api_user_groups_group_id_3af85785 ON public.api_user_groups USING btree (group_id);


--
-- Name: api_user_groups_user_id_a5ff39fa; Type: INDEX; Schema: public; Owner: snakelab
--

CREATE INDEX api_user_groups_user_id_a5ff39fa ON public.api_user_groups USING btree (user_id);


--
-- Name: api_user_user_permissions_permission_id_305b7fea; Type: INDEX; Schema: public; Owner: snakelab
--

CREATE INDEX api_user_user_permissions_permission_id_305b7fea ON public.api_user_user_permissions USING btree (permission_id);


--
-- Name: api_user_user_permissions_user_id_f3945d65; Type: INDEX; Schema: public; Owner: snakelab
--

CREATE INDEX api_user_user_permissions_user_id_f3945d65 ON public.api_user_user_permissions USING btree (user_id);


--
-- Name: api_useradress_user_id_b4eb05fc; Type: INDEX; Schema: public; Owner: snakelab
--

CREATE INDEX api_useradress_user_id_b4eb05fc ON public.api_useradress USING btree (user_id);


--
-- Name: auth_group_name_a6ea08ec_like; Type: INDEX; Schema: public; Owner: snakelab
--

CREATE INDEX auth_group_name_a6ea08ec_like ON public.auth_group USING btree (name varchar_pattern_ops);


--
-- Name: auth_group_permissions_group_id_b120cbf9; Type: INDEX; Schema: public; Owner: snakelab
--

CREATE INDEX auth_group_permissions_group_id_b120cbf9 ON public.auth_group_permissions USING btree (group_id);


--
-- Name: auth_group_permissions_permission_id_84c5c92e; Type: INDEX; Schema: public; Owner: snakelab
--

CREATE INDEX auth_group_permissions_permission_id_84c5c92e ON public.auth_group_permissions USING btree (permission_id);


--
-- Name: auth_permission_content_type_id_2f476e4b; Type: INDEX; Schema: public; Owner: snakelab
--

CREATE INDEX auth_permission_content_type_id_2f476e4b ON public.auth_permission USING btree (content_type_id);


--
-- Name: django_admin_log_content_type_id_c4bce8eb; Type: INDEX; Schema: public; Owner: snakelab
--

CREATE INDEX django_admin_log_content_type_id_c4bce8eb ON public.django_admin_log USING btree (content_type_id);


--
-- Name: django_admin_log_user_id_c564eba6; Type: INDEX; Schema: public; Owner: snakelab
--

CREATE INDEX django_admin_log_user_id_c564eba6 ON public.django_admin_log USING btree (user_id);


--
-- Name: django_session_expire_date_a5c62663; Type: INDEX; Schema: public; Owner: snakelab
--

CREATE INDEX django_session_expire_date_a5c62663 ON public.django_session USING btree (expire_date);


--
-- Name: django_session_session_key_c0390e0f_like; Type: INDEX; Schema: public; Owner: snakelab
--

CREATE INDEX django_session_session_key_c0390e0f_like ON public.django_session USING btree (session_key varchar_pattern_ops);


--
-- Name: api_cartitem api_cartitem_cart_id_26c2013b_fk_api_usercart_id; Type: FK CONSTRAINT; Schema: public; Owner: snakelab
--

ALTER TABLE ONLY public.api_cartitem
    ADD CONSTRAINT api_cartitem_cart_id_26c2013b_fk_api_usercart_id FOREIGN KEY (cart_id) REFERENCES public.api_usercart(id) DEFERRABLE INITIALLY DEFERRED;


--
-- Name: api_cartitem api_cartitem_food_id_247f9466_fk_api_food_id; Type: FK CONSTRAINT; Schema: public; Owner: snakelab
--

ALTER TABLE ONLY public.api_cartitem
    ADD CONSTRAINT api_cartitem_food_id_247f9466_fk_api_food_id FOREIGN KEY (food_id) REFERENCES public.api_food(id) DEFERRABLE INITIALLY DEFERRED;


--
-- Name: api_cartitem api_cartitem_morph_id_6b6f6e56_fk_api_morph_id; Type: FK CONSTRAINT; Schema: public; Owner: snakelab
--

ALTER TABLE ONLY public.api_cartitem
    ADD CONSTRAINT api_cartitem_morph_id_6b6f6e56_fk_api_morph_id FOREIGN KEY (morph_id) REFERENCES public.api_morph(id) DEFERRABLE INITIALLY DEFERRED;


--
-- Name: api_cartitem api_cartitem_snake_id_6e55bb88_fk_api_snake_id; Type: FK CONSTRAINT; Schema: public; Owner: snakelab
--

ALTER TABLE ONLY public.api_cartitem
    ADD CONSTRAINT api_cartitem_snake_id_6e55bb88_fk_api_snake_id FOREIGN KEY (snake_id) REFERENCES public.api_snake(id) DEFERRABLE INITIALLY DEFERRED;


--
-- Name: api_cartitem api_cartitem_terrarium_id_cb04a1c6_fk_api_terrarium_id; Type: FK CONSTRAINT; Schema: public; Owner: snakelab
--

ALTER TABLE ONLY public.api_cartitem
    ADD CONSTRAINT api_cartitem_terrarium_id_cb04a1c6_fk_api_terrarium_id FOREIGN KEY (terrarium_id) REFERENCES public.api_terrarium(id) DEFERRABLE INITIALLY DEFERRED;


--
-- Name: api_food api_food_category_id_8181fadf_fk_api_foodcategory_id; Type: FK CONSTRAINT; Schema: public; Owner: snakelab
--

ALTER TABLE ONLY public.api_food
    ADD CONSTRAINT api_food_category_id_8181fadf_fk_api_foodcategory_id FOREIGN KEY (category_id) REFERENCES public.api_foodcategory(id) DEFERRABLE INITIALLY DEFERRED;


--
-- Name: api_food api_food_tag_id_1115fa0c_fk_api_tag_id; Type: FK CONSTRAINT; Schema: public; Owner: snakelab
--

ALTER TABLE ONLY public.api_food
    ADD CONSTRAINT api_food_tag_id_1115fa0c_fk_api_tag_id FOREIGN KEY (tag_id) REFERENCES public.api_tag(id) DEFERRABLE INITIALLY DEFERRED;


--
-- Name: api_foodcategory api_foodcategory_tag_id_47a32381_fk_api_tag_id; Type: FK CONSTRAINT; Schema: public; Owner: snakelab
--

ALTER TABLE ONLY public.api_foodcategory
    ADD CONSTRAINT api_foodcategory_tag_id_47a32381_fk_api_tag_id FOREIGN KEY (tag_id) REFERENCES public.api_tag(id) DEFERRABLE INITIALLY DEFERRED;


--
-- Name: api_foodimage api_foodimage_food_id_b48937c4_fk_api_food_id; Type: FK CONSTRAINT; Schema: public; Owner: snakelab
--

ALTER TABLE ONLY public.api_foodimage
    ADD CONSTRAINT api_foodimage_food_id_b48937c4_fk_api_food_id FOREIGN KEY (food_id) REFERENCES public.api_food(id) DEFERRABLE INITIALLY DEFERRED;


--
-- Name: api_morph api_morph_snake_id_63b32f17_fk_api_snake_id; Type: FK CONSTRAINT; Schema: public; Owner: snakelab
--

ALTER TABLE ONLY public.api_morph
    ADD CONSTRAINT api_morph_snake_id_63b32f17_fk_api_snake_id FOREIGN KEY (snake_id) REFERENCES public.api_snake(id) DEFERRABLE INITIALLY DEFERRED;


--
-- Name: api_order api_order_address_id_089033c4_fk_api_useradress_id; Type: FK CONSTRAINT; Schema: public; Owner: snakelab
--

ALTER TABLE ONLY public.api_order
    ADD CONSTRAINT api_order_address_id_089033c4_fk_api_useradress_id FOREIGN KEY (address_id) REFERENCES public.api_useradress(id) DEFERRABLE INITIALLY DEFERRED;


--
-- Name: api_order api_order_promo_code_id_ec493841_fk_api_promocode_id; Type: FK CONSTRAINT; Schema: public; Owner: snakelab
--

ALTER TABLE ONLY public.api_order
    ADD CONSTRAINT api_order_promo_code_id_ec493841_fk_api_promocode_id FOREIGN KEY (promo_code_id) REFERENCES public.api_promocode(id) DEFERRABLE INITIALLY DEFERRED;


--
-- Name: api_order api_order_user_id_52781ff0_fk_api_user_id; Type: FK CONSTRAINT; Schema: public; Owner: snakelab
--

ALTER TABLE ONLY public.api_order
    ADD CONSTRAINT api_order_user_id_52781ff0_fk_api_user_id FOREIGN KEY (user_id) REFERENCES public.api_user(id) DEFERRABLE INITIALLY DEFERRED;


--
-- Name: api_orderitem api_orderitem_food_id_3f503500_fk_api_food_id; Type: FK CONSTRAINT; Schema: public; Owner: snakelab
--

ALTER TABLE ONLY public.api_orderitem
    ADD CONSTRAINT api_orderitem_food_id_3f503500_fk_api_food_id FOREIGN KEY (food_id) REFERENCES public.api_food(id) DEFERRABLE INITIALLY DEFERRED;


--
-- Name: api_orderitem api_orderitem_morph_id_5845f54e_fk_api_morph_id; Type: FK CONSTRAINT; Schema: public; Owner: snakelab
--

ALTER TABLE ONLY public.api_orderitem
    ADD CONSTRAINT api_orderitem_morph_id_5845f54e_fk_api_morph_id FOREIGN KEY (morph_id) REFERENCES public.api_morph(id) DEFERRABLE INITIALLY DEFERRED;


--
-- Name: api_orderitem api_orderitem_order_id_f9c0afc0_fk_api_order_id; Type: FK CONSTRAINT; Schema: public; Owner: snakelab
--

ALTER TABLE ONLY public.api_orderitem
    ADD CONSTRAINT api_orderitem_order_id_f9c0afc0_fk_api_order_id FOREIGN KEY (order_id) REFERENCES public.api_order(id) DEFERRABLE INITIALLY DEFERRED;


--
-- Name: api_orderitem api_orderitem_snake_id_ba147378_fk_api_snake_id; Type: FK CONSTRAINT; Schema: public; Owner: snakelab
--

ALTER TABLE ONLY public.api_orderitem
    ADD CONSTRAINT api_orderitem_snake_id_ba147378_fk_api_snake_id FOREIGN KEY (snake_id) REFERENCES public.api_snake(id) DEFERRABLE INITIALLY DEFERRED;


--
-- Name: api_orderitem api_orderitem_terrarium_id_4ff1310d_fk_api_terrarium_id; Type: FK CONSTRAINT; Schema: public; Owner: snakelab
--

ALTER TABLE ONLY public.api_orderitem
    ADD CONSTRAINT api_orderitem_terrarium_id_4ff1310d_fk_api_terrarium_id FOREIGN KEY (terrarium_id) REFERENCES public.api_terrarium(id) DEFERRABLE INITIALLY DEFERRED;


--
-- Name: api_snake api_snake_category_id_3239872e_fk_api_snakecategory_id; Type: FK CONSTRAINT; Schema: public; Owner: snakelab
--

ALTER TABLE ONLY public.api_snake
    ADD CONSTRAINT api_snake_category_id_3239872e_fk_api_snakecategory_id FOREIGN KEY (category_id) REFERENCES public.api_snakecategory(id) DEFERRABLE INITIALLY DEFERRED;


--
-- Name: api_snake api_snake_difficulty_level_id_0d3682f9_fk_api_diffi; Type: FK CONSTRAINT; Schema: public; Owner: snakelab
--

ALTER TABLE ONLY public.api_snake
    ADD CONSTRAINT api_snake_difficulty_level_id_0d3682f9_fk_api_diffi FOREIGN KEY (difficulty_level_id) REFERENCES public.api_difficultylevel(id) DEFERRABLE INITIALLY DEFERRED;


--
-- Name: api_snake api_snake_tag_id_0da79e9f_fk_api_tag_id; Type: FK CONSTRAINT; Schema: public; Owner: snakelab
--

ALTER TABLE ONLY public.api_snake
    ADD CONSTRAINT api_snake_tag_id_0da79e9f_fk_api_tag_id FOREIGN KEY (tag_id) REFERENCES public.api_tag(id) DEFERRABLE INITIALLY DEFERRED;


--
-- Name: api_snakecategory api_snakecategory_tag_id_b867cec0_fk_api_tag_id; Type: FK CONSTRAINT; Schema: public; Owner: snakelab
--

ALTER TABLE ONLY public.api_snakecategory
    ADD CONSTRAINT api_snakecategory_tag_id_b867cec0_fk_api_tag_id FOREIGN KEY (tag_id) REFERENCES public.api_tag(id) DEFERRABLE INITIALLY DEFERRED;


--
-- Name: api_snakecharacteristic api_snakecharacteristic_snake_id_25947a95_fk_api_snake_id; Type: FK CONSTRAINT; Schema: public; Owner: snakelab
--

ALTER TABLE ONLY public.api_snakecharacteristic
    ADD CONSTRAINT api_snakecharacteristic_snake_id_25947a95_fk_api_snake_id FOREIGN KEY (snake_id) REFERENCES public.api_snake(id) DEFERRABLE INITIALLY DEFERRED;


--
-- Name: api_snakeimage api_snakeimage_morph_id_41359c85_fk_api_morph_id; Type: FK CONSTRAINT; Schema: public; Owner: snakelab
--

ALTER TABLE ONLY public.api_snakeimage
    ADD CONSTRAINT api_snakeimage_morph_id_41359c85_fk_api_morph_id FOREIGN KEY (morph_id) REFERENCES public.api_morph(id) DEFERRABLE INITIALLY DEFERRED;


--
-- Name: api_snakeimage api_snakeimage_snake_id_af48f3d2_fk_api_snake_id; Type: FK CONSTRAINT; Schema: public; Owner: snakelab
--

ALTER TABLE ONLY public.api_snakeimage
    ADD CONSTRAINT api_snakeimage_snake_id_af48f3d2_fk_api_snake_id FOREIGN KEY (snake_id) REFERENCES public.api_snake(id) DEFERRABLE INITIALLY DEFERRED;


--
-- Name: api_terrarium api_terrarium_category_id_bf826ca5_fk_api_terrariumcategory_id; Type: FK CONSTRAINT; Schema: public; Owner: snakelab
--

ALTER TABLE ONLY public.api_terrarium
    ADD CONSTRAINT api_terrarium_category_id_bf826ca5_fk_api_terrariumcategory_id FOREIGN KEY (category_id) REFERENCES public.api_terrariumcategory(id) DEFERRABLE INITIALLY DEFERRED;


--
-- Name: api_terrarium api_terrarium_tag_id_aa46f44a_fk_api_tag_id; Type: FK CONSTRAINT; Schema: public; Owner: snakelab
--

ALTER TABLE ONLY public.api_terrarium
    ADD CONSTRAINT api_terrarium_tag_id_aa46f44a_fk_api_tag_id FOREIGN KEY (tag_id) REFERENCES public.api_tag(id) DEFERRABLE INITIALLY DEFERRED;


--
-- Name: api_terrariumcategory api_terrariumcategory_tag_id_619f3aa2_fk_api_tag_id; Type: FK CONSTRAINT; Schema: public; Owner: snakelab
--

ALTER TABLE ONLY public.api_terrariumcategory
    ADD CONSTRAINT api_terrariumcategory_tag_id_619f3aa2_fk_api_tag_id FOREIGN KEY (tag_id) REFERENCES public.api_tag(id) DEFERRABLE INITIALLY DEFERRED;


--
-- Name: api_terrariumimage api_terrariumimage_terrarium_id_ff77be2f_fk_api_terrarium_id; Type: FK CONSTRAINT; Schema: public; Owner: snakelab
--

ALTER TABLE ONLY public.api_terrariumimage
    ADD CONSTRAINT api_terrariumimage_terrarium_id_ff77be2f_fk_api_terrarium_id FOREIGN KEY (terrarium_id) REFERENCES public.api_terrarium(id) DEFERRABLE INITIALLY DEFERRED;


--
-- Name: api_user_groups api_user_groups_group_id_3af85785_fk_auth_group_id; Type: FK CONSTRAINT; Schema: public; Owner: snakelab
--

ALTER TABLE ONLY public.api_user_groups
    ADD CONSTRAINT api_user_groups_group_id_3af85785_fk_auth_group_id FOREIGN KEY (group_id) REFERENCES public.auth_group(id) DEFERRABLE INITIALLY DEFERRED;


--
-- Name: api_user_groups api_user_groups_user_id_a5ff39fa_fk_api_user_id; Type: FK CONSTRAINT; Schema: public; Owner: snakelab
--

ALTER TABLE ONLY public.api_user_groups
    ADD CONSTRAINT api_user_groups_user_id_a5ff39fa_fk_api_user_id FOREIGN KEY (user_id) REFERENCES public.api_user(id) DEFERRABLE INITIALLY DEFERRED;


--
-- Name: api_user_user_permissions api_user_user_permis_permission_id_305b7fea_fk_auth_perm; Type: FK CONSTRAINT; Schema: public; Owner: snakelab
--

ALTER TABLE ONLY public.api_user_user_permissions
    ADD CONSTRAINT api_user_user_permis_permission_id_305b7fea_fk_auth_perm FOREIGN KEY (permission_id) REFERENCES public.auth_permission(id) DEFERRABLE INITIALLY DEFERRED;


--
-- Name: api_user_user_permissions api_user_user_permissions_user_id_f3945d65_fk_api_user_id; Type: FK CONSTRAINT; Schema: public; Owner: snakelab
--

ALTER TABLE ONLY public.api_user_user_permissions
    ADD CONSTRAINT api_user_user_permissions_user_id_f3945d65_fk_api_user_id FOREIGN KEY (user_id) REFERENCES public.api_user(id) DEFERRABLE INITIALLY DEFERRED;


--
-- Name: api_useradress api_useradress_user_id_b4eb05fc_fk_api_user_id; Type: FK CONSTRAINT; Schema: public; Owner: snakelab
--

ALTER TABLE ONLY public.api_useradress
    ADD CONSTRAINT api_useradress_user_id_b4eb05fc_fk_api_user_id FOREIGN KEY (user_id) REFERENCES public.api_user(id) DEFERRABLE INITIALLY DEFERRED;


--
-- Name: api_usercart api_usercart_user_id_4f8ed763_fk_api_user_id; Type: FK CONSTRAINT; Schema: public; Owner: snakelab
--

ALTER TABLE ONLY public.api_usercart
    ADD CONSTRAINT api_usercart_user_id_4f8ed763_fk_api_user_id FOREIGN KEY (user_id) REFERENCES public.api_user(id) DEFERRABLE INITIALLY DEFERRED;


--
-- Name: auth_group_permissions auth_group_permissio_permission_id_84c5c92e_fk_auth_perm; Type: FK CONSTRAINT; Schema: public; Owner: snakelab
--

ALTER TABLE ONLY public.auth_group_permissions
    ADD CONSTRAINT auth_group_permissio_permission_id_84c5c92e_fk_auth_perm FOREIGN KEY (permission_id) REFERENCES public.auth_permission(id) DEFERRABLE INITIALLY DEFERRED;


--
-- Name: auth_group_permissions auth_group_permissions_group_id_b120cbf9_fk_auth_group_id; Type: FK CONSTRAINT; Schema: public; Owner: snakelab
--

ALTER TABLE ONLY public.auth_group_permissions
    ADD CONSTRAINT auth_group_permissions_group_id_b120cbf9_fk_auth_group_id FOREIGN KEY (group_id) REFERENCES public.auth_group(id) DEFERRABLE INITIALLY DEFERRED;


--
-- Name: auth_permission auth_permission_content_type_id_2f476e4b_fk_django_co; Type: FK CONSTRAINT; Schema: public; Owner: snakelab
--

ALTER TABLE ONLY public.auth_permission
    ADD CONSTRAINT auth_permission_content_type_id_2f476e4b_fk_django_co FOREIGN KEY (content_type_id) REFERENCES public.django_content_type(id) DEFERRABLE INITIALLY DEFERRED;


--
-- Name: django_admin_log django_admin_log_content_type_id_c4bce8eb_fk_django_co; Type: FK CONSTRAINT; Schema: public; Owner: snakelab
--

ALTER TABLE ONLY public.django_admin_log
    ADD CONSTRAINT django_admin_log_content_type_id_c4bce8eb_fk_django_co FOREIGN KEY (content_type_id) REFERENCES public.django_content_type(id) DEFERRABLE INITIALLY DEFERRED;


--
-- Name: django_admin_log django_admin_log_user_id_c564eba6_fk_api_user_id; Type: FK CONSTRAINT; Schema: public; Owner: snakelab
--

ALTER TABLE ONLY public.django_admin_log
    ADD CONSTRAINT django_admin_log_user_id_c564eba6_fk_api_user_id FOREIGN KEY (user_id) REFERENCES public.api_user(id) DEFERRABLE INITIALLY DEFERRED;


--
-- PostgreSQL database dump complete
--

\unrestrict F9dW8jc2GArTbity4sLNDbzO5zHc6jQsMgv5VYXQbUiuqJFX6PGguqurtGowZ0e

