[
  {"model": "api.tag", "pk": 1, "fields": {"name": "Хит продаж", "color": "#FF6B35", "created_at": "2026-01-01T00:00:00Z", "updated_at": "2026-01-01T00:00:00Z"}},
  {"model": "api.tag", "pk": 2, "fields": {"name": "Новинка", "color": "#4CAF50", "created_at": "2026-01-01T00:00:00Z", "updated_at": "2026-01-01T00:00:00Z"}},
  {"model": "api.tag", "pk": 3, "fields": {"name": "Редкий вид", "color": "#9C27B0", "created_at": "2026-01-01T00:00:00Z", "updated_at": "2026-01-01T00:00:00Z"}},
  {"model": "api.tag", "pk": 4, "fields": {"name": "Осталось мало", "color": "#F44336", "created_at": "2026-01-01T00:00:00Z", "updated_at": "2026-01-01T00:00:00Z"}},

  {"model": "api.difficultylevel", "pk": 1, "fields": {"name": "Для новичков", "stars": 1}},
  {"model": "api.difficultylevel", "pk": 2, "fields": {"name": "Для опытных", "stars": 2}},
  {"model": "api.difficultylevel", "pk": 3, "fields": {"name": "Для профессионалов", "stars": 3}},

  {"model": "api.snakecategory", "pk": 1, "fields": {"name": "Королевский питон", "slug": "korolevskiy-piton", "description": "Королевский питон (питон-шар) — это змея со спокойным характером и привлекательной расцветкой. Он считается отличным выбором для начинающих, идеален в качестве первой рептилии. Эти змеи активны в темное время суток. Для защиты они имеют интересную тактику — могут свернуться в шар. Королевские питоны обитают в открытых лесах и саваннах Западной и Центральной Африки.", "tag": 1, "created_at": "2026-01-01T00:00:00Z", "updated_at": "2026-01-01T00:00:00Z"}},
  {"model": "api.snakecategory", "pk": 2, "fields": {"name": "Белогубый питон", "slug": "belogubiy-piton", "description": "Это элегантный питон с удлиненным телом и узкой головой. Это определенно одна из самых красивых змей. Тело его блестит и переливается. Одни особи могут быть цвета чистого золотого цвета, другие бронзовые или иметь слегка оранжевый оттенок. Интересно, что белогубый питон может демонстрировать существенное физиологическое изменение цвета. В течение 20-40 минут цвет спины может меняться с золотого со слегка фиолетовым на фиолетово-коричневый в течение дня.", "tag": 3, "created_at": "2026-01-01T00:00:00Z", "updated_at": "2026-01-01T00:00:00Z"}},
  {"model": "api.snakecategory", "pk": 3, "fields": {"name": "Техасский полоз", "slug": "teksaskiy-poloz", "description": "Техасский полоз (или белый крысиный полоз Elaphe obsolete lindheimeri) относится к лазающим змеям. Неприхотливы в уходе, подойдут новичкам, готовым уделить время на приручение в случае, если особь ещё молода. Красивая белая змея-леуцист с голубыми глазами завоевала любовь террариумистов по всему миру. Белых крысиных полозов лучше всего держать поодиночке.", "tag": null, "created_at": "2026-01-01T00:00:00Z", "updated_at": "2026-01-01T00:00:00Z"}},
  {"model": "api.snakecategory", "pk": 4, "fields": {"name": "Островная куфия", "slug": "ostrovnaya-kufiya", "description": "Островная куфия — экзотическая древесная змея с ярким окрасом и цепким хвостом. Обитает в тропических лесах Юго-Восточной Азии. Требует опытного владельца и особых условий содержания с высокой влажностью и вертикальным террариумом.", "tag": 3, "created_at": "2026-01-01T00:00:00Z", "updated_at": "2026-01-01T00:00:00Z"}},
  {"model": "api.snakecategory", "pk": 5, "fields": {"name": "Радужный удав", "slug": "raduzhnyy-udav", "description": "Радужный удав — одна из красивейших змей в мире. Его чешуя переливается всеми цветами радуги на солнечном свету. Активен в ночное время, относительно прост в содержании.", "tag": 2, "created_at": "2026-01-01T00:00:00Z", "updated_at": "2026-01-01T00:00:00Z"}},
  {"model": "api.snakecategory", "pk": 6, "fields": {"name": "Императорский удав", "slug": "imperatorskiy-udav", "description": "Императорский удав — крупная и спокойная змея, популярная среди любителей рептилий благодаря красивому окрасу и относительно мирному характеру. Подходит как для начинающих, так и для опытных владельцев. Ведёт преимущественно ночной образ жизни, любит укрытия и тёплый влажный климат. При правильном уходе может жить более 20 лет.", "tag": null, "created_at": "2026-01-01T00:00:00Z", "updated_at": "2026-01-01T00:00:00Z"}},
  {"model": "api.snakecategory", "pk": 7, "fields": {"name": "Свиноносый уж", "slug": "svinonosyy-uzh", "description": "Свиноносый уж — небольшая неядовитая змея с характерным вздёрнутым носом, используемым для рытья грунта. Известен своим необычным защитным поведением: может шипеть, раздувать шею и притворяться мёртвым. Благодаря компактным размерам и разнообразию морф считается популярной домашней рептилией.", "tag": null, "created_at": "2026-01-01T00:00:00Z", "updated_at": "2026-01-01T00:00:00Z"}},
  {"model": "api.snakecategory", "pk": 8, "fields": {"name": "Королевская змея", "slug": "korolevskaya-zmeya", "description": "Королевские змеи — это неядовитые змеи, известные ярким окрасом и спокойным характером. Они получили своё название благодаря способности охотиться на других змей, включая ядовитых. Эти рептилии неприхотливы в содержании и подходят как начинающим, так и опытным владельцам.", "tag": null, "created_at": "2026-01-01T00:00:00Z", "updated_at": "2026-01-01T00:00:00Z"}},
  {"model": "api.snakecategory", "pk": 9, "fields": {"name": "Древесный питон", "slug": "drevesniy-piton", "description": "Древесные питоны — это красивые и грациозные змеи, обитающие преимущественно на деревьях в тропических лесах. Они известны ярким окрасом, цепким хвостом и характерной позой во время отдыха на ветках. Требуют повышенной влажности и вертикального террариума с большим количеством ветвей.", "tag": 3, "created_at": "2026-01-01T00:00:00Z", "updated_at": "2026-01-01T00:00:00Z"}},
  {"model": "api.snakecategory", "pk": 10, "fields": {"name": "Молочная змея", "slug": "molochnaya-zmeya", "description": "Молочные змеи — яркие неядовитые змеи с характерными красно-чёрно-белыми полосами. Несмотря на внешнее сходство с ядовитым коралловым аспидом, абсолютно безопасны. Неприхотливы в содержании и подходят начинающим.", "tag": null, "created_at": "2026-01-01T00:00:00Z", "updated_at": "2026-01-01T00:00:00Z"}},

  {"model": "api.snake", "pk": 1, "fields": {"name": "Королевский питон", "slug": "korolevskiy-piton", "category": 1, "description": "Королевский питон — одна из самых популярных змей в террариумистике. Отличается спокойным нравом, компактными размерами и огромным разнообразием морф. Активен в ночное время, легко приручается и хорошо переносит обращение.", "price": 349000, "quantity": 5, "size_min_cm": 90, "size_max_cm": 150, "temp_min_c": 30, "temp_max_c": 33, "difficulty_level": 1, "tag": 1, "is_active": true, "views_count": 0, "sku": "SNK-001", "created_at": "2026-01-01T00:00:00Z", "updated_at": "2026-01-01T00:00:00Z"}},
  {"model": "api.snake", "pk": 2, "fields": {"name": "Белогубый питон", "slug": "belogubiy-piton", "category": 2, "description": "Белогубый питон отличается элегантным телосложением и уникальной способностью менять оттенок окраса в течение дня — от золотого до фиолетово-коричневого. Требует опытного владельца и точного поддержания микроклимата.", "price": 586000, "quantity": 2, "size_min_cm": 200, "size_max_cm": 300, "temp_min_c": 27, "temp_max_c": 31, "difficulty_level": 3, "tag": 3, "is_active": true, "views_count": 0, "sku": "SNK-002", "created_at": "2026-01-01T00:00:00Z", "updated_at": "2026-01-01T00:00:00Z"}},
  {"model": "api.snake", "pk": 3, "fields": {"name": "Техасский полоз", "slug": "teksaskiy-poloz", "category": 3, "description": "Техасский полоз — лазающая змея, неприхотливая в уходе. Белая форма-леуцист с голубыми глазами пользуется огромной популярностью среди террариумистов. Хорошо подходит для начинающих при правильном подходе к приручению.", "price": 110000, "quantity": 8, "size_min_cm": 150, "size_max_cm": 180, "temp_min_c": 25, "temp_max_c": 27, "difficulty_level": 1, "tag": null, "is_active": true, "views_count": 0, "sku": "SNK-003", "created_at": "2026-01-01T00:00:00Z", "updated_at": "2026-01-01T00:00:00Z"}},
  {"model": "api.snake", "pk": 4, "fields": {"name": "Островная куфия", "slug": "ostrovnaya-kufiya", "category": 4, "description": "Островная куфия — ядовитая древесная змея с ярким зелёным окрасом и цепким хватательным хвостом. Обитает на островах Юго-Восточной Азии. Требует строго контролируемых условий содержания и рекомендована только для опытных герпетологов.", "price": 175000, "quantity": 3, "size_min_cm": 60, "size_max_cm": 90, "temp_min_c": 24, "temp_max_c": 28, "difficulty_level": 3, "tag": 3, "is_active": true, "views_count": 0, "sku": "SNK-004", "created_at": "2026-01-01T00:00:00Z", "updated_at": "2026-01-01T00:00:00Z"}},
  {"model": "api.snake", "pk": 5, "fields": {"name": "Радужный удав", "slug": "raduzhnyy-udav", "category": 5, "description": "Радужный удав — одна из красивейших змей мира. Его чешуя переливается всеми цветами радуги на солнечном свету благодаря особой структуре. Активен в ночное время, относительно прост в содержании.", "price": 349000, "quantity": 4, "size_min_cm": 90, "size_max_cm": 150, "temp_min_c": 26, "temp_max_c": 30, "difficulty_level": 2, "tag": 2, "is_active": true, "views_count": 0, "sku": "SNK-005", "created_at": "2026-01-01T00:00:00Z", "updated_at": "2026-01-01T00:00:00Z"}},
  {"model": "api.snake", "pk": 6, "fields": {"name": "Императорский удав", "slug": "imperatorskiy-udav", "category": 6, "description": "Императорский удав отличается крепким телосложением, спокойным темпераментом и разнообразием окрасов. Хорошо адаптируется к содержанию в террариуме, питается грызунами соответствующего размера. Требует просторный террариум с поддержанием температуры и влажности.", "price": 100000, "quantity": 6, "size_min_cm": 180, "size_max_cm": 280, "temp_min_c": 26, "temp_max_c": 32, "difficulty_level": 2, "tag": null, "is_active": true, "views_count": 0, "sku": "SNK-006", "created_at": "2026-01-01T00:00:00Z", "updated_at": "2026-01-01T00:00:00Z"}},
  {"model": "api.snake", "pk": 7, "fields": {"name": "Западный свиноносый уж", "slug": "zapadnyy-svinonosyy-uzh", "category": 7, "description": "Спокойная и активная змея небольшого размера, подходящая для содержания в домашних террариумах. Предпочитает сухой грунт, укрытия и умеренный уровень влажности. Питается мелкими грызунами и отличается интересным поведением.", "price": 65000, "quantity": 10, "size_min_cm": 40, "size_max_cm": 90, "temp_min_c": 24, "temp_max_c": 32, "difficulty_level": 1, "tag": null, "is_active": true, "views_count": 0, "sku": "SNK-007", "created_at": "2026-01-01T00:00:00Z", "updated_at": "2026-01-01T00:00:00Z"}},
  {"model": "api.snake", "pk": 8, "fields": {"name": "Калифорнийская королевская змея", "slug": "kaliforniyskaya-korolevskaya-zmeya", "category": 8, "description": "Небольшая и активная змея с контрастными полосами по всему телу. Отличается выносливостью, простотой в уходе и спокойным поведением. Хорошо чувствует себя в сухих террариумах с укрытиями и умеренным уровнем влажности.", "price": 70000, "quantity": 7, "size_min_cm": 90, "size_max_cm": 140, "temp_min_c": 24, "temp_max_c": 31, "difficulty_level": 1, "tag": null, "is_active": true, "views_count": 0, "sku": "SNK-008", "created_at": "2026-01-01T00:00:00Z", "updated_at": "2026-01-01T00:00:00Z"}},
  {"model": "api.snake", "pk": 9, "fields": {"name": "Зелёный древесный питон", "slug": "zelenyy-drevesniy-piton", "category": 9, "description": "Яркая древесная змея с насыщенным зелёным окрасом и стройным телом. Ведёт преимущественно ночной образ жизни и большую часть времени проводит на ветках. Требует стабильной температуры, высокой влажности и просторного вертикального террариума.", "price": 180000, "quantity": 3, "size_min_cm": 120, "size_max_cm": 180, "temp_min_c": 26, "temp_max_c": 32, "difficulty_level": 3, "tag": 3, "is_active": true, "views_count": 0, "sku": "SNK-009", "created_at": "2026-01-01T00:00:00Z", "updated_at": "2026-01-01T00:00:00Z"}},
  {"model": "api.snake", "pk": 10, "fields": {"name": "Пурпурная молочная змея", "slug": "purpurnaya-molochnaya-zmeya", "category": 10, "description": "Пурпурная молочная змея — яркая неядовитая змея с насыщенными красно-чёрными полосами. Компактный размер и спокойный характер делают её отличным выбором для начинающих. Хорошо переносит обращение и неприхотлива в уходе.", "price": 55000, "quantity": 9, "size_min_cm": 40, "size_max_cm": 70, "temp_min_c": 23, "temp_max_c": 28, "difficulty_level": 1, "tag": 2, "is_active": true, "views_count": 0, "sku": "SNK-010", "created_at": "2026-01-01T00:00:00Z", "updated_at": "2026-01-01T00:00:00Z"}},
  {"model": "api.snake", "pk": 11, "fields": {"name": "Бразильский радужный удав", "slug": "brazilskiy-raduzhnyy-udav", "category": 5, "description": "Бразильский радужный удав — более крупный родственник обыкновенного радужного удава. Отличается особенно ярким переливом чешуи и мощным телосложением. Для опытных владельцев.", "price": 420000, "quantity": 2, "size_min_cm": 150, "size_max_cm": 200, "temp_min_c": 26, "temp_max_c": 30, "difficulty_level": 2, "tag": 3, "is_active": true, "views_count": 0, "sku": "SNK-011", "created_at": "2026-01-01T00:00:00Z", "updated_at": "2026-01-01T00:00:00Z"}},

  {"model": "api.snakecharacteristic", "pk": 1, "fields": {"snake": 1, "lifespan_years": 35, "humidity_min": 40, "humidity_max": 60, "feeding_type": "Мыши, крысы", "origin_country": "Африка"}},
  {"model": "api.snakecharacteristic", "pk": 2, "fields": {"snake": 2, "lifespan_years": 30, "humidity_min": 70, "humidity_max": 85, "feeding_type": "Мыши, крысы, цыплята", "origin_country": "Австралия"}},
  {"model": "api.snakecharacteristic", "pk": 3, "fields": {"snake": 3, "lifespan_years": 20, "humidity_min": 20, "humidity_max": 40, "feeding_type": "Мыши, крысы, цыплята", "origin_country": "США"}},
  {"model": "api.snakecharacteristic", "pk": 4, "fields": {"snake": 4, "lifespan_years": 15, "humidity_min": 70, "humidity_max": 90, "feeding_type": "Мыши, крысы", "origin_country": "Индонезия"}},
  {"model": "api.snakecharacteristic", "pk": 5, "fields": {"snake": 5, "lifespan_years": 20, "humidity_min": 70, "humidity_max": 90, "feeding_type": "Мыши, крысы", "origin_country": "Бразилия"}},
  {"model": "api.snakecharacteristic", "pk": 6, "fields": {"snake": 6, "lifespan_years": 25, "humidity_min": 55, "humidity_max": 75, "feeding_type": "Мыши, крысы", "origin_country": "Центральная Америка"}},
  {"model": "api.snakecharacteristic", "pk": 7, "fields": {"snake": 7, "lifespan_years": 15, "humidity_min": 30, "humidity_max": 50, "feeding_type": "Мыши", "origin_country": "США"}},
  {"model": "api.snakecharacteristic", "pk": 8, "fields": {"snake": 8, "lifespan_years": 20, "humidity_min": 35, "humidity_max": 55, "feeding_type": "Мыши, крысы, змеи", "origin_country": "США"}},
  {"model": "api.snakecharacteristic", "pk": 9, "fields": {"snake": 9, "lifespan_years": 20, "humidity_min": 60, "humidity_max": 85, "feeding_type": "Мыши, крысы", "origin_country": "Папуа Новая Гвинея"}},
  {"model": "api.snakecharacteristic", "pk": 10, "fields": {"snake": 10, "lifespan_years": 15, "humidity_min": 40, "humidity_max": 60, "feeding_type": "Мыши", "origin_country": "США"}},
  {"model": "api.snakecharacteristic", "pk": 11, "fields": {"snake": 11, "lifespan_years": 20, "humidity_min": 70, "humidity_max": 90, "feeding_type": "Мыши, крысы", "origin_country": "Бразилия"}},

  {"model": "api.morph", "pk": 1, "fields": {"snake": 1, "name": "Blue Eyed Leucistic", "description": "Редкая белоснежная морфа с яркими голубыми глазами. Практически полностью лишена тёмного пигмента и высоко ценится среди коллекционеров.", "price_modifier": -99000, "quantity": 1, "color": "#F5F5F5"}},
  {"model": "api.morph", "pk": 2, "fields": {"snake": 1, "name": "Banana", "description": "Популярная морфа с жёлтым окрасом и лавандовыми пятнами, которые со временем становятся более насыщенными.", "price_modifier": -229000, "quantity": 2, "color": "#FFD700"}},
  {"model": "api.morph", "pk": 3, "fields": {"snake": 1, "name": "Pied", "description": "Морфа с крупными белыми участками тела и контрастными цветными пятнами. Каждый рисунок уникален.", "price_modifier": -169000, "quantity": 2, "color": "#FFFAFA"}},
  {"model": "api.morph", "pk": 4, "fields": {"snake": 6, "name": "Albino", "description": "Альбиносная морфа с яркими жёлто-оранжевыми оттенками и отсутствием тёмного пигмента.", "price_modifier": -55000, "quantity": 2, "color": "#FFA500"}},
  {"model": "api.morph", "pk": 5, "fields": {"snake": 6, "name": "Hypo", "description": "Морфа с уменьшенным количеством чёрного пигмента, благодаря чему окрас выглядит более светлым и контрастным.", "price_modifier": -70000, "quantity": 3, "color": "#D2B48C"}},
  {"model": "api.morph", "pk": 6, "fields": {"snake": 6, "name": "Anery", "description": "Морфа без красного пигмента, имеет серые, серебристые и чёрные оттенки.", "price_modifier": -65000, "quantity": 2, "color": "#808080"}},
  {"model": "api.morph", "pk": 7, "fields": {"snake": 7, "name": "Albino", "description": "Классическая альбиносная морфа с ярким жёлто-оранжевым окрасом и отсутствием тёмного пигмента. Очень популярна среди любителей.", "price_modifier": -20000, "quantity": 3, "color": "#FFC200"}},
  {"model": "api.morph", "pk": 8, "fields": {"snake": 8, "name": "Banana", "description": "Яркая морфа с жёлто-кремовым окрасом и мягким контрастным рисунком по телу, со временем цвет может становиться более насыщенным.", "price_modifier": -20000, "quantity": 2, "color": "#FFEC8B"}},
  {"model": "api.morph", "pk": 9, "fields": {"snake": 8, "name": "High White", "description": "Морфа с преобладанием белого цвета и минимальным количеством тёмных полос, создаёт эффект чистого светлого окраса.", "price_modifier": -30000, "quantity": 2, "color": "#FAFAFA"}},
  {"model": "api.morph", "pk": 10, "fields": {"snake": 9, "name": "Blue Line", "description": "Редкая морфа с ярко выраженными голубыми линиями вдоль тела на зелёном фоне. Очень ценится среди коллекционеров.", "price_modifier": -30000, "quantity": 1, "color": "#2E8B57"}},
  {"model": "api.morph", "pk": 11, "fields": {"snake": 9, "name": "Yellow Line", "description": "Морфа с ярким жёлто-зелёным окрасом и усиленным контрастом рисунка.", "price_modifier": -110000, "quantity": 2, "color": "#ADFF2F"}},
  {"model": "api.morph", "pk": 12, "fields": {"snake": 9, "name": "Albino", "description": "Светлая морфа с отсутствием тёмного пигмента и яркими жёлто-белыми оттенками.", "price_modifier": -60000, "quantity": 1, "color": "#FFFFF0"}}
]
